order_id,sku,transaction_id,posted_date,customer_principal_refund,net_refund_fee_credit,status
111-2676038-8581067,1052907525,7JwtpoHMjC21N735R9PEZapgiaT7xbUDodQM9FfTKJg,2026-05-15T03:41:17Z,34.99,4.20,Posted refund without physical-return report match; not counted as a returned unit
111-3683382-1269016,1052907525,sx0zC9P6-XRB-woPl9i_3--SeeoWy4fbhW-XRxQb3L8,2026-09-04T22:03:14Z,34.99,4.20,Posted refund without physical-return report match; not counted as a returned unit
111-3785763-2048223,1070891243,IUXxpZo9xdCdsjKyONYL-eR_1-PoSfmQDALanzHSYeM,2026-07-10T17:25:40Z,0,6.99,Posted refund without physical-return report match; not counted as a returned unit
111-3854262-4222619,1068811441,LlPoagqpaLkJVAozLk4iX3jvV8QaBy51-Bu58SkMRxI,2026-05-27T07:46:20Z,0,0,Posted refund without physical-return report match; not counted as a returned unit
111-5158306-9162638,1043846177,etCU4765EKaHPSrscqgWXufgMeQqcau8WJ8K4lYJEFY,2025-12-18T18:35:10Z,0,3.5,Posted refund without physical-return report match; not counted as a returned unit
111-7134497-9675438,1070891208,VVtDROmx5ozqVYZLIw59Gqoia4h95iqCtio9WE6THpI,2026-07-14T05:56:33Z,85.0,12.00,Posted refund without physical-return report match; not counted as a returned unit
111-7210032-8551404,1048894668,MuU8T0AB_csCF_rEY68pcDwOE-RoE9B02dZTS1kcME4,2026-01-10T08:06:42Z,42.66,6.92,Posted refund without physical-return report match; not counted as a returned unit
111-7565756-5727443,1058619763,lNo1rdYoYHvvdh6pYkAPA2X4FcUVcEl7GZJNKAlG8YI,2026-04-06T20:41:03Z,27.99,3.36,Posted refund without physical-return report match; not counted as a returned unit
111-9469832-4780231,1048220574,MQd02jGT82V0KbS66CrODBOpxIaidyZobQFFmlFGpXA,2025-12-26T08:12:23Z,28.95,5.27,Posted refund without physical-return report match; not counted as a returned unit
111-9749994-4839451,1067893319,9BzTUEUJger1u1rpz9fwMTD_26NDu0QdnFh4kNXshdw,2026-06-19T12:46:04Z,38.66,6.44,Posted refund without physical-return report match; not counted as a returned unit
112-7668621-7140234,1033469009,1DSLboQDu79pvGm0UfOPWiaj8DSSprcSdgvKiTyNyFw,2026-06-05T08:31:31Z,104.38,14.33,Posted refund without physical-return report match; not counted as a returned unit
112-7668621-7140234,1033469009,d_Rbq56O3Qa8Z-dEIjxAk35uoi_4mHPI0ABjG6asVGE,2026-05-28T20:47:30Z,0,0,Posted refund without physical-return report match; not counted as a returned unit
112-8739970-6187450,1068811444,v8h8TPsw299wT3jNghPK5x5peuIlT4IlXRg5mIlT3ZM,2025-09-28T04:27:04Z,41.72,6.81,Posted refund without physical-return report match; not counted as a returned unit
113-0275446-1617077,1066663084,39IBrSaNw7KeId5_rqf_VuFBIbVyOvf3PffNNCXjizA,2025-12-20T03:37:06Z,51.01,7.92,Posted refund without physical-return report match; not counted as a returned unit
113-0942804-4254627,1071283721,0J_56hNLgMvkhQ2JnDlKsux9S71tGHzVCvb9G8bzbgs,2026-04-12T01:45:15Z,79.95,11.39,Posted refund without physical-return report match; not counted as a returned unit
113-1154421-3569065,1044972247,i3hMWYm64iWnkDWwtaUIda_AJvabTOjh2ejr97TeDYo,2026-05-03T20:48:17Z,36.95,6.23,Posted refund without physical-return report match; not counted as a returned unit
113-1336992-3782667,1064901190,gEb6lPaaxDmob0ojrl6ZXCN8MVtUt_q_b-xGKbAHeoU,2025-12-15T01:33:07Z,49.42,7.73,Posted refund without physical-return report match; not counted as a returned unit
113-3649416-8117865,1035888642,_HnNbIsArRqhcbstj7MYtIntr2Y66eevLBuqq-WEJAA,2026-06-08T18:25:03Z,0,6.99,Posted refund without physical-return report match; not counted as a returned unit
113-5401610-2219436,1066663861,qq9Profq-t2tZC60rBV30xJyYn9rafuEDIENaMnrgVw,2025-10-29T12:24:24Z,69.47,10.14,Posted refund without physical-return report match; not counted as a returned unit
113-6224717-5330600,UV-TWJI-REH4,WnHyhBmbw8ylS--bLLqwIdzO00BX-UAEeUbg7rOaflY,2026-09-07T19:31:20Z,0,3.49,Posted refund without physical-return report match; not counted as a returned unit
113-7194202-9668240,1065749622,eyufw_nmcX1r6pjIxOS86XxLDHighwMfDen-URlShNc,2026-02-10T04:30:36Z,47.08,5.65,Posted refund without physical-return report match; not counted as a returned unit
114-0633397-3817065,T3-947R-WAMU,LqXKXPlZ7S65ZCweN1JdN-97JBrBg4vkGzEUE8pWY9c,2025-12-15T18:25:08Z,0,6.99,Posted refund without physical-return report match; not counted as a returned unit
114-6544877-7266636,1059471790,ExI6RrtlY3QEkp-Gp0_UKALvtuK0fhy9dAZQgXbTfKk,2025-12-16T11:52:00Z,25.23,4.82,Posted refund without physical-return report match; not counted as a returned unit
114-7077511-7184203,1028571739,inqZKzXhfgH7QflTlk7X5GFEggXYs5hhHXrc7DNkt6U,2026-03-03T23:13:56Z,20.73,4.29,Posted refund without physical-return report match; not counted as a returned unit
114-8175408-3889822,1067108753,1IPH9QfrzQkg1uh_hkkYe9ma4dUdiWkt2PLWO_mjRJA,2026-05-31T04:35:02Z,77.06,11.05,Posted refund without physical-return report match; not counted as a returned unit
114-8730937-8505867,1068949078,dFfetZEBGttS_wQ3DrqanSikGJ8ejBwJuwzlsg1Z6_I,2026-08-27T21:33:28Z,29.66,5.36,Posted refund without physical-return report match; not counted as a returned unit
114-9220056-7003458,1066393104,_OsQQ5rdB_0BP_PTCF-M65IhWEUV0CGUmgD2mCiCeKI,2025-11-11T18:00:54Z,6.12,0.39,Posted refund without physical-return report match; not counted as a returned unit
114-9220056-7003458,1066393104,rYxT0q9g3XSamtgqLSLlSeqAnQhNBPbJy0nTwFxIaok,2025-11-11T18:01:06Z,6.12,0.39,Posted refund without physical-return report match; not counted as a returned unit
