order_id,sku,asin,fnsku,title,is_video_game,system,classification_source,original_condition,current_sku_condition,sale_date,return_date,quantity,sold_line_quantity,lpn,fulfillment_center,raw_disposition,raw_reason,raw_status,economic_outcome,case_id,unit_cost,cost_source,sale_price_per_unit,original_revenue_line,customer_refund_line,gross_fees_per_returned_unit,fee_credits_per_returned_unit,original_fba_fee_per_returned_unit,original_referral_fee_per_returned_unit,fba_fee_credit_per_returned_unit,referral_fee_credit_per_returned_unit,refund_admin_fee_per_returned_unit,return_processing_fee_per_returned_unit,removal_fee_per_returned_unit,net_transaction_cost,reimbursement,reimbursement_ids,reimbursement_inventory_units,known_recovery_value,known_impairment,known_loss_excluding_unknown_impairment,zero_recovery_loss_known_basis,reconciliation_status,cohort_in_period,return_in_period
112-8916418-5646604,1051249032,B01N1GRUUC,X003BJR6E1,"Harmony Good Dog Ceramic Dog Bowl, 6 Cups",False,Unclassified,No reliable game match,,11,2026-08-01,2026-09-01,1,1,LPNPMGU3198266,HOU3,CUSTOMER_DAMAGED,DAMAGED_BY_CARRIER,Unit returned to inventory,unsellable_recovery_unknown,,10.99,inventorylab_legacy,34.99,34.99,34.99,13.20,5.25,6.9,5.25,0,5.25,1.05,0,0,7.95,0,,0,,,7.95,18.94,posted_fees_reconciled,True,False
111-1373847-8589055,1058392679,B01N03NM02,X003UAD6P9,"Harmony Good Dog Ceramic Dog Bowl, 1 Cup",False,Unclassified,No reliable game match,,11,2026-07-20,2026-08-31,1,1,LPNNG6LQ7QW13,LEX1,CUSTOMER_DAMAGED,NOT_AS_DESCRIBED,Unit returned to inventory,unsellable_recovery_unknown,,5.99,inventorylab_legacy,24.97,24.97,24.97,9.26,3.75,4.76,3.75,0,3.75,0.75,0,0,5.51,0,,0,,,5.51,11.50,posted_fees_reconciled,True,True
111-4933767-5091420,1071881588,B001989B4S,X0056ERGK3,Fight Night Round 4 - Xbox 360 [Xbox 360],True,Xbox 360,Title/platform heuristic,,11,2026-08-08,2026-08-30,1,1,LPNPMGH1484746,LAS2,CUSTOMER_DAMAGED,DEFECTIVE,Unit returned to inventory,unsellable_recovery_unknown,,,missing,37.16,37.16,37.16,12.02,7.37,3.54,5.57,0,5.57,1.11,0,0,4.65,0,,0,,,4.65,,posted_fees_reconciled,True,True
111-9874566-1673838,1058392679,B01N03NM02,X003UAD6P9,"Harmony Good Dog Ceramic Dog Bowl, 1 Cup",False,Unclassified,No reliable game match,,11,2026-08-23,2026-08-30,1,1,LPNGSAT3158775,LAS2,CUSTOMER_DAMAGED,UNWANTED_ITEM,Unit returned to inventory,unsellable_recovery_unknown,,5.99,inventorylab_legacy,24.94,24.94,24.94,9.25,3.74,4.76,3.74,0,3.74,0.75,0,0,5.51,0,,0,,,5.51,11.50,posted_fees_reconciled,True,True
111-3987729-1478644,1051249032,B01N1GRUUC,X003BJR6E1,"Harmony Good Dog Ceramic Dog Bowl, 6 Cups",False,Unclassified,No reliable game match,,11,2026-08-23,2026-08-30,1,1,LPNGSAT3158774,LAS2,SELLABLE,UNWANTED_ITEM,Unit returned to inventory,sellable,,10.99,inventorylab_legacy,34.99,34.99,34.99,13.20,5.25,6.9,5.25,0,5.25,1.05,0,0,7.95,0,,0,,0,7.95,7.95,posted_fees_reconciled,True,True
112-7064235-1422657,1063162590,B0B8VV9VXW,X0044NAO79,Taos Footwear Women's Captain Brown Boot 9-9.5 (M) US,False,Unclassified,No reliable game match,,11,2026-07-15,2026-08-26,1,1,LPNO613287117,PHX6,SELLABLE,NOT_AS_DESCRIBED,Unit returned to inventory,sellable,,58.29,inventorylab_legacy,143.91,143.91,143.91,38.08,21.59,7.98,21.59,0,21.59,4.32,4.19,0,16.49,0,,0,,0,16.49,16.49,posted_fees_reconciled,True,True
111-5032509-7193856,0P-5ID2-BBYB,B0030CV356,X001C3Z4MT,UFC Undisputed 2010 - Xbox 360 [Xbox 360],True,Xbox 360,Title/platform heuristic,,11,2026-07-22,2026-08-24,1,1,LPNNH66KYC53T,CHA1,SELLABLE,UNWANTED_ITEM,Unit returned to inventory,sellable,,,missing,19.31,19.31,19.31,8.82,4.7,3.54,2.9,0,2.9,0.58,0,0,4.12,0,,0,,0,4.12,4.12,posted_fees_reconciled,True,True
113-4354002-8211419,1058392679,B01N03NM02,X003UAD6P9,"Harmony Good Dog Ceramic Dog Bowl, 1 Cup",False,Unclassified,No reliable game match,,11,2026-07-10,2026-08-22,1,1,LPNGSAJ1946114,LEX1,SELLABLE,POOR_FIT,Unit returned to inventory,sellable,,5.99,inventorylab_legacy,24.97,24.97,24.97,9.26,3.75,4.76,3.75,0,3.75,0.75,0,0,5.51,0,,0,,0,5.51,5.51,posted_fees_reconciled,True,True
114-2323654-4155469,1067108762,B003O6E986,X004FENI2Z,Forza 4 [Xbox 360],True,Xbox 360,Title/platform heuristic,,11,2026-07-13,2026-08-18,1,1,LPNAC736965644,IND8,SELLABLE,NOT_AS_DESCRIBED,Unit returned to inventory,sellable,,25.76,inventorylab_legacy,50.90,50.9,50.9,14.78,9.44,3.81,7.64,0,7.64,1.53,0,0,5.34,0,,0,,0,5.34,5.34,posted_fees_reconciled,True,True
111-4120513-7743422,1039345443,B0748VH8ZF,X002T12TNF,The Sims 4 - Xbox One [Xbox One],True,Xbox One,Title/platform heuristic,,11,2026-07-26,2026-08-15,1,1,LPNNG6S51M1XR,CHA1,SELLABLE,ORDERED_WRONG_ITEM,Unit returned to inventory,sellable,,13.72,inventorylab_legacy,31.31,31.31,31.31,10.98,6.5,3.54,4.7,0,4.7,0.94,0,0,4.48,0,,0,,0,4.48,4.48,posted_fees_reconciled,True,True
114-2013151-8423447,1071881587,B002I0JFCO,X0056EVFHX,EA Sports Active 2 - Xbox 360 [Xbox 360],True,Xbox 360,Title/platform heuristic,,11,2026-07-27,2026-08-14,1,1,LPNNG68HCGHKD,LEX1,CUSTOMER_DAMAGED,NOT_AS_DESCRIBED,Unit returned to inventory,unsellable_recovery_unknown,9c6d368e-6479-4420-aa35-10efd500b7c6,,missing,52.99,52.99,52.99,17.63,9.75,6.29,7.95,0,7.95,1.59,0,0,7.88,0,,0,,,7.88,,posted_fees_reconciled,True,True
112-7037018-5429836,1052907525,B01N54QSH6,X003EPODEN,"Harmony Good Dog Ceramic Dog Bowl, 3 Cups",False,Unclassified,No reliable game match,,11,2026-07-31,2026-08-13,1,1,LPNNG653RCH64,CHA1,SELLABLE,UNWANTED_ITEM,Unit returned to inventory,sellable,,,missing,34.99,34.99,34.99,12.32,5.25,6.02,5.25,0,5.25,1.05,0,0,7.07,0,,0,,0,7.07,7.07,posted_fees_reconciled,True,True
114-6114668-1948266,1071517338,B01LYGJRVP,X00530NTB5,Assassin's Creed The Ezio Collection - Xbox One [Xbox One],True,Xbox One,Title/platform heuristic,,11,2026-07-17,2026-08-11,1,1,LPNAC947485288,PGA1,CUSTOMER_DAMAGED,DEFECTIVE,Unit returned to inventory,unsellable_recovery_unknown,f3e0581f-a3a8-4c63-8b8d-53d028dbcb46,21.95,inventorylab_legacy,45.34,45.34,45.34,13.50,8.6,3.54,6.8,0,6.8,1.36,0,0,4.90,0,,0,,,4.90,26.85,posted_fees_reconciled,True,True
111-7970030-7056201,1052907525,B01N54QSH6,X003EPODEN,"Harmony Good Dog Ceramic Dog Bowl, 3 Cups",False,Unclassified,No reliable game match,,11,2026-07-29,2026-08-11,1,1,LPNGSAK7556243,LEX2,CUSTOMER_DAMAGED,NOT_AS_DESCRIBED,Unit returned to inventory,inspected_sellable,5a2eb2cd-92e3-4cc5-afb5-ab3f7c68ea7a,,missing,34.99,34.99,34.99,12.32,5.25,6.02,5.25,0,5.25,1.05,0,0,7.07,0,,0,,0,7.07,7.07,posted_fees_reconciled,True,True
113-4137011-4836257,1051249032,B01N1GRUUC,X003BJR6E1,"Harmony Good Dog Ceramic Dog Bowl, 6 Cups",False,Unclassified,No reliable game match,,11,2026-07-14,2026-08-10,1,1,LPNGSAJ0818260,LEX2,CUSTOMER_DAMAGED,DAMAGED_BY_FC,Unit returned to inventory,unsellable_recovery_unknown,,10.99,inventorylab_legacy,0.00,0,0,,,,,,,,,,,0,,0,,,,,missing_posted_refund;non_USD_or_unknown_currency,False,True
113-9758583-1627429,1071517344,B085PS9F4H,X00530O98H,Persona 5 Royal: Standard Edition - PlayStation 4 [PlayStation 4],True,PlayStation 4,Title/platform heuristic,,11,2026-07-24,2026-08-10,1,1,LPNAC996138390,LEX2,CUSTOMER_DAMAGED,DAMAGED_BY_FC,Unit returned to inventory,unsellable_recovery_unknown,d635e58d-7a90-4d59-9a92-fb910a33b24f,,missing,49.96,49.96,49.96,14.33,9.29,3.54,7.49,0,7.49,1.5,0,0,5.04,0,,0,,,5.04,,posted_fees_reconciled,True,True
113-0692084-7479433,1051249032,B01N1GRUUC,X003BJR6E1,"Harmony Good Dog Ceramic Dog Bowl, 6 Cups",False,Unclassified,No reliable game match,,11,2026-07-12,2026-08-08,1,1,LPNAC999848075,LEX2,CUSTOMER_DAMAGED,DAMAGED_BY_FC,Unit returned to inventory,unsellable_recovery_unknown,,10.99,inventorylab_legacy,34.98,34.98,34.98,13.20,5.25,6.9,5.25,0,5.25,1.05,0,0,7.95,0,,0,,,7.95,18.94,posted_fees_reconciled,True,True
112-3802342-8785830,1058619763,B01LDFGIT2,X003URHI1Z,Livewire Advantage Instrument Cable 10 ft. Black,False,Unclassified,No reliable game match,,11,2026-07-01,2026-08-07,1,1,LPNO603232093,PHX6,DEFECTIVE,DEFECTIVE,Unit returned to inventory,inspected_sellable,9fa21984-32d0-42f3-8fae-3e6a10d62f7c,10.48,inventorylab_legacy,27.99,27.99,27.99,9.39,4.2,4.35,4.2,0,4.2,0.84,0,0,5.19,0,,0,,0,5.19,5.19,posted_fees_reconciled,True,True
111-5346337-2463406,1045151360,B00ZPT59YS,X0032AG889,Sea of Thieves: Standard Edition - Xbox One [Xbox One],True,Xbox One,Title/platform heuristic,,11,2026-07-10,2026-08-05,1,1,LPNO581505323,PHX6,SELLABLE,NOT_AS_DESCRIBED,Unit returned to inventory,sellable,,,missing,41.99,41.99,41.99,12.90,8.1,3.54,6.3,0,6.3,1.26,0,0,4.80,0,,0,,0,4.80,4.80,posted_fees_reconciled,True,True
113-6973476-5369034,1068811430,B006ZPAYMI,X004LNJ15N,Kinect Rush: A Disney Pixar Adventure - Xbox 360 [Xbox 360],True,Xbox 360,Title/platform heuristic,,11,2026-07-09,2026-07-31,1,1,LPNNG6X68YVGG,CHA1,SELLABLE,NOT_COMPATIBLE,Unit returned to inventory,sellable,,22.32,inventorylab_legacy,45.41,45.41,45.41,13.51,8.61,3.54,6.81,0,6.81,1.36,0,0,4.90,0,,0,,0,4.90,4.90,posted_fees_reconciled,True,True
111-1653421-6113041,1052907525,B01N54QSH6,X003EPODEN,"Harmony Good Dog Ceramic Dog Bowl, 3 Cups",False,Unclassified,No reliable game match,,11,2026-06-29,2026-07-31,1,1,LPNPMGV4983494,HOU3,CUSTOMER_DAMAGED,ORDERED_WRONG_ITEM,Unit returned to inventory,inspected_sellable,c65d8a71-6300-493f-aced-c2c9086e4571,,missing,34.99,34.99,34.99,12.32,5.25,6.02,5.25,0,5.25,1.05,0,0,7.07,0,,0,,0,7.07,7.07,posted_fees_reconciled,True,True
111-7319510-0997022,PT-ANK4-X0M5,B00DRHNLEK,X0043IQDLL,Sound Percussion Labs Hickory Drumsticks 4-Pack 5A Wood,False,Unclassified,No reliable game match,,11,2026-07-12,2026-07-30,1,2,LPNO574134752,IND8,SELLABLE,SWITCHEROO,Unit returned to inventory,sellable,,15.99,inventorylab_legacy,8.99,17.98,0,,,,,,,,,,,0,,0,,0,,,missing_posted_refund;partial_quantity_no_original_fee_allocation,True,True
111-6302874-8153001,1036663472,B0026FCARI,X002OLEBNV,Scooby Doo First Frights - Nintendo Wii [Nintendo Wii],True,Nintendo Wii,Title/platform heuristic,,11,2026-06-22,2026-07-30,1,1,LPNRRJL0108065,EWR7,SELLABLE,NO_REASON_GIVEN,Unit returned to inventory,sellable,,22.10,inventorylab_legacy,34.96,34.96,34.96,11.66,7.04,3.57,5.24,0,5.24,1.05,0,0,4.62,0,,0,,0,4.62,4.62,posted_fees_reconciled,True,True
111-5351762-7966619,1058392679,B01N03NM02,X003UAD6P9,"Harmony Good Dog Ceramic Dog Bowl, 1 Cup",False,Unclassified,No reliable game match,,11,2026-06-27,2026-07-29,1,1,LPNNG62YVJCTZ,LEX1,CUSTOMER_DAMAGED,NOT_AS_DESCRIBED,Unit returned to inventory,inspected_sellable,39a65e02-1cc4-4749-ba6b-0a48c351af5e,5.99,inventorylab_legacy,24.97,24.97,24.97,9.26,3.75,4.76,3.75,0,3.75,0.75,0,0,5.51,0,,0,,0,5.51,5.51,posted_fees_reconciled,True,True
113-1790684-2457045,1058392679,B01N03NM02,X003UAD6P9,"Harmony Good Dog Ceramic Dog Bowl, 1 Cup",False,Unclassified,No reliable game match,,11,2026-06-29,2026-07-21,1,1,LPNPMGJ7767712,LAS2,CUSTOMER_DAMAGED,DAMAGED_BY_FC,Unit returned to inventory,disposed_donated,36c582fb-ad6f-44f3-b377-21b36b1f034e,5.99,inventorylab_legacy,24.97,24.97,0,,,,,,,,,,,0,,0,,5.99,,,missing_posted_refund,True,True
111-5440992-9142666,1059898575,B09R1T4G9P,X003XH3PHD,Comfortiva Alesha Gold 8.5 M (B),False,Unclassified,No reliable game match,,11,2026-07-07,2026-07-20,1,1,LPNPMGP2775053,MDT8,SELLABLE,APPAREL_TOO_LARGE,Unit returned to inventory,sellable,,29.00,inventorylab_legacy,43.99,43.99,43.99,19.29,6.6,7.38,6.6,0,6.6,1.32,3.99,0,12.69,0,,0,,0,12.69,12.69,posted_fees_reconciled,True,True
113-9553916-9450657,1059898566,B0BXTDQRCD,X003XH4BS5,"Jessica Simpson Nellah Ash Blue HIgh Heel Platform Pump Thick Heel Rounded Toe (Ash Blue, 8.5)",False,Unclassified,No reliable game match,,11,2026-06-23,2026-07-18,1,1,LPNPMGT6135641,MIA7,SELLABLE,APPAREL_TOO_SMALL,Unit returned to inventory,sellable,,,missing,34.99,34.99,34.99,17.67,5.25,7.38,5.25,0,5.25,1.05,3.99,0,12.42,0,,0,,0,12.42,12.42,posted_fees_reconciled,True,True
113-6526628-6414662,1051249032,B01N1GRUUC,X003BJR6E1,"Harmony Good Dog Ceramic Dog Bowl, 6 Cups",False,Unclassified,No reliable game match,,11,2026-06-06,2026-07-16,1,1,LPNPMGU6089225,HOU3,CUSTOMER_DAMAGED,POOR_FIT,Unit returned to inventory,inspected_sellable,0ee0ae65-fa1b-4334-aea9-ae6bd691b57c,10.99,inventorylab_legacy,34.99,34.99,34.99,13.20,5.25,6.9,5.25,0,5.25,1.05,0,0,7.95,0,,0,,0,7.95,7.95,posted_fees_reconciled,True,True
113-5890042-5414636,1071744026,B0CWN5YJWR,X00551NHCX,Shin Megami Tensei V: Vengeance Steelbook Launch Edition - Nintendo Switch [Nintendo Switch],True,Nintendo Switch,Title/platform heuristic,,11,2026-07-01,2026-07-16,1,1,LPNPMGI2474490,LAS2,SELLABLE,SWITCHEROO,Unit returned to inventory,sellable,,,missing,56.04,56.04,56.04,15.73,10.21,3.84,8.41,0,8.41,1.68,0,0,5.52,0,,0,,0,5.52,5.52,posted_fees_reconciled,True,True
111-5948016-5187415,1066393117,B01G2E4DV4,X004DJJYAH,Birds Choice Oriole Feeder Replacement Cup,False,Unclassified,No reliable game match,,11,2026-06-23,2026-07-16,1,1,LPNO594161857,IND8,SELLABLE,NOT_COMPATIBLE,Unit returned to inventory,sellable,,,missing,17.99,17.99,17.99,7.33,2.7,4.09,2.7,0,2.7,0.54,0,0,4.63,0,,0,,0,4.63,4.63,posted_fees_reconciled,True,True
112-9316150-6663404,1070280039,B08JJ37XVW,X004UTG55R,Monster Hunter Rise - Nintendo Switch Standard Edition [Nintendo Switch],True,Nintendo Switch,Title/platform heuristic,,11,2026-06-19,2026-07-15,1,1,LPNNF6B3MH27Z,LEX1,SELLABLE,UNWANTED_ITEM,Unit returned to inventory,sellable,,16.47,inventorylab_legacy,38.27,38.27,38.27,12.13,7.54,3.44,5.74,0,5.74,1.15,0,0,4.59,0,,0,,0,4.59,4.59,posted_fees_reconciled,True,True
111-4170341-9921866,1058392679,B01N03NM02,X003UAD6P9,"Harmony Good Dog Ceramic Dog Bowl, 1 Cup",False,Unclassified,No reliable game match,,11,2026-06-24,2026-07-12,1,1,LPNRRJI8393986,EWR7,CUSTOMER_DAMAGED,POOR_FIT,Unit returned to inventory,inspected_sellable,93bb3f62-16a4-4da9-b4c4-970d363a4736,5.99,inventorylab_legacy,24.98,24.98,24.98,9.26,3.75,4.76,3.75,0,3.75,0.75,0,0,5.51,0,,0,,0,5.51,5.51,posted_fees_reconciled,True,True
112-8760793-7989830,1058392679,B01N03NM02,X003UAD6P9,"Harmony Good Dog Ceramic Dog Bowl, 1 Cup",False,Unclassified,No reliable game match,,11,2026-07-02,2026-07-12,1,1,LPNO591032678,IND8,SELLABLE,ORDERED_WRONG_ITEM,Unit returned to inventory,sellable,,5.99,inventorylab_legacy,24.97,24.97,24.97,9.26,3.75,4.76,3.75,0,3.75,0.75,0,0,5.51,0,,0,,0,5.51,5.51,posted_fees_reconciled,True,True
113-1914372-5060213,1070625053,B000FII8KQ,X004WZXO7V,Tekken 6 [PlayStation 3],True,PlayStation 3,Title/platform heuristic,,11,2026-06-01,2026-06-26,1,1,LPNO573888211,IND8,SELLABLE,UNWANTED_ITEM,Unit returned to inventory,sellable,,24.66,inventorylab_legacy,47.27,47.27,47.27,13.85,8.89,3.54,7.09,0,7.09,1.42,0,0,4.96,0,,0,,0,4.96,4.96,posted_fees_reconciled,True,True
114-1018905-9907450,1065304546,B00DC7G2W8,X004A4A6HF,Mario Kart 8 - Wii U [Nintendo Wii U],True,Nintendo Wii U,Title/platform heuristic,,11,2026-05-07,2026-06-16,1,1,LPNNE6MV7KQVV,SDF9,CUSTOMER_DAMAGED,NOT_COMPATIBLE,Unit returned to inventory,inspected_sellable,fa62b179-bd94-4742-8aa0-da8aa56283f6,29.02,mbop_fifo,50.72,50.72,50.72,14.74,9.41,3.81,7.61,0,7.61,1.52,0,0,5.33,0,,0,,0,5.33,5.33,posted_fees_reconciled,True,True
111-4459477-2833828,1059898566,B0BXTDQRCD,X003XH4BS5,"Jessica Simpson Nellah Ash Blue HIgh Heel Platform Pump Thick Heel Rounded Toe (Ash Blue, 8.5)",False,Unclassified,No reliable game match,,11,2026-05-17,2026-06-11,1,1,LPNRRJJ5484370,BUR7,SELLABLE,APPAREL_TOO_LARGE,Unit returned to inventory,sellable,,19.99,mbop_fifo,34.99,34.99,34.99,13.68,5.25,7.38,5.25,0,5.25,1.05,0,0,8.43,0,,0,,0,8.43,8.43,posted_fees_reconciled,True,True
114-0674014-7966655,1058392679,B01N03NM02,X003UAD6P9,"Harmony Good Dog Ceramic Dog Bowl, 1 Cup",False,Unclassified,No reliable game match,,11,2026-05-28,2026-06-11,1,2,LPNPMGP2262088,LAS2,CUSTOMER_DAMAGED,POOR_FIT,Unit returned to inventory,inspected_sellable,bbebd5d6-ac64-4054-9e88-f1cc8f4c0cf2,5.99,inventorylab_legacy,24.94,49.88,49.88,9.25,3.74,4.76,3.74,0,3.74,0.75,0,0,5.51,0,,0,,0,5.51,5.51,posted_fees_reconciled,True,True
114-0674014-7966655,1058392679,B01N03NM02,X003UAD6P9,"Harmony Good Dog Ceramic Dog Bowl, 1 Cup",False,Unclassified,No reliable game match,,11,2026-05-28,2026-06-11,1,2,LPNPMGP2262087,LAS2,CUSTOMER_DAMAGED,POOR_FIT,Unit returned to inventory,unsellable_recovery_unknown,,5.99,inventorylab_legacy,24.94,49.88,49.88,9.25,3.74,4.76,3.74,0,3.74,0.75,0,0,5.51,0,,0,,,5.51,11.50,posted_fees_reconciled,True,True
114-6793334-1737029,1058392679,B01N03NM02,X003UAD6P9,"Harmony Good Dog Ceramic Dog Bowl, 1 Cup",False,Unclassified,No reliable game match,,11,2026-05-15,2026-06-08,1,1,LPNO562463505,IND8,CUSTOMER_DAMAGED,POOR_FIT,Unit returned to inventory,unsellable_recovery_unknown,6f7f7c7b-207a-4f4e-ac3f-95e87e7c16be,5.99,inventorylab_legacy,24.95,24.95,24.95,9.25,3.74,4.76,3.74,0,3.74,0.75,0,0,5.51,0,,0,,,5.51,11.50,posted_fees_reconciled,True,True
112-3799789-0439450,1052907525,B01N54QSH6,X003EPODEN,"Harmony Good Dog Ceramic Dog Bowl, 3 Cups",False,Unclassified,No reliable game match,,11,2026-05-18,2026-06-08,1,1,LPNNE6CQ57ZZQ,CHA1,SELLABLE,POOR_FIT,Unit returned to inventory,sellable,,7.99,mbop_fifo,34.99,34.99,34.99,12.32,5.25,6.02,5.25,0,5.25,1.05,0,0,7.07,0,,0,,0,7.07,7.07,posted_fees_reconciled,True,True
112-2375392-5937809,1071517342,B07SSD8V81,X00530NTA1,Baldur's Gate: Enhanced Edition - Xbox One [Xbox One],True,Xbox One,Title/platform heuristic,,11,2026-04-26,2026-06-06,1,1,LPNNE6914HNVP,MEM3,CUSTOMER_DAMAGED,NOT_AS_DESCRIBED,Unit returned to inventory,inspected_sellable,9fe618a7-a7cb-4d04-937f-90f46a8aa924,,missing,99.99,99.99,99.99,23.61,16.8,3.81,15.0,0,15.0,3.0,0,0,6.81,0,,0,,0,6.81,6.81,posted_fees_reconciled,True,True
111-9935393-8618614,1064901190,B09D643D8F,X0048YS4DZ,Call of Duty: Vanguard [PlayStation 5],True,PlayStation 5,Title/platform heuristic,,11,2026-04-06,2026-06-03,1,1,LPNO549729150,IND8,SELLABLE,UNWANTED_ITEM,Unit returned to inventory,sellable,,20.00,mbop_fifo,69.29,69.29,69.29,18.08,12.19,3.81,10.39,0,10.39,2.08,0,0,5.89,0,,0,,0,5.89,5.89,posted_fees_reconciled,True,True
111-8603577-2784221,1068811424,B002I0JGDM,X004LNF7BP,Fable III - Xbox 360 [Xbox 360],True,Xbox 360,Title/platform heuristic,,11,2026-05-23,2026-06-02,1,1,LPNAC810124621,PGA1,CUSTOMER_DAMAGED,NOT_AS_DESCRIBED,Unit returned to inventory,unsellable_recovery_unknown,6b14d656-2abe-44b4-9dcc-de246d97eca2,12.99,mbop_fifo,29.13,29.13,29.13,10.61,6.17,3.57,4.37,0,4.37,0.87,0,0,4.44,0,,0,,,4.44,17.43,posted_fees_reconciled,True,True
112-3835256-5309069,1052907525,B01N54QSH6,X003EPODEN,"Harmony Good Dog Ceramic Dog Bowl, 3 Cups",False,Unclassified,No reliable game match,,11,2026-05-20,2026-05-31,1,1,LPNO537724064,PHX6,SELLABLE,ORDERED_WRONG_ITEM,Unit returned to inventory,sellable,,7.99,mbop_fifo,34.99,34.99,34.99,12.32,5.25,6.02,5.25,0,5.25,1.05,0,0,7.07,0,,0,,0,7.07,7.07,posted_fees_reconciled,True,True
111-2753893-3905836,1069286305,B0CTKX44NG,X004OHC455,MLB The Show 24 - Nintendo Switch [Nintendo Switch],True,Nintendo Switch,Title/platform heuristic,,11,2026-05-18,2026-05-30,1,2,LPNNE644KP4YF,LEX1,SELLABLE,ORDERED_WRONG_ITEM,Unit returned to inventory,sellable,,30.35,mbop_fifo,75.20,150.4,75.2,,,,,,,,,,,0,,0,,0,,,partial_quantity_no_original_fee_allocation;principal_difference_review,True,True
112-1063421-0936218,1033468979,B01IW7Z746,X002IZT4FD,Nintendo Selects: Nintendo Land - Wii U [Nintendo Wii U],True,Nintendo Wii U,Title/platform heuristic,,11,2026-05-04,2026-05-29,1,1,LPNAC960423488,PGA1,CUSTOMER_DAMAGED,NOT_COMPATIBLE,Unit returned to inventory,unsellable_recovery_unknown,c596d907-cfab-4d9b-b5fc-5e2538590e93,,missing,51.96,51.96,51.96,14.96,9.59,3.81,7.79,0,7.79,1.56,0,0,5.37,0,,0,,,5.37,,posted_fees_reconciled,True,True
114-0372301-0567428,1031051552,B06XDN21W5,X002EWR8PX,Paradise Treasure Trove Brown White Football Coin Piggy Bank Sports Stitching,False,Unclassified,No reliable game match,,11,2026-04-30,2026-05-26,1,1,LPNNE673NPC2B,LEX1,CUSTOMER_DAMAGED,DAMAGED_BY_FC,Unit returned to inventory,unsellable_recovery_unknown,,8.99,mbop_fifo,25.99,25.99,25.99,10.81,3.9,6.13,3.9,0,3.9,0.78,0,0,6.91,0,,0,,,6.91,15.90,posted_fees_reconciled,True,True
114-0381168-5960244,1028908801,B00KWFCV32,X002B4ZPAJ,Splatoon [Nintendo Wii U],True,Nintendo Wii U,Title/platform heuristic,,11,2026-05-09,2026-05-25,1,1,LPNNE6GRB1T8V,LEX1,DEFECTIVE,DEFECTIVE,Unit returned to inventory,unsellable_recovery_unknown,36880944-927e-4fc8-b371-92ecc54f5073,27.94,inventorylab_legacy,39.80,39.8,39.8,12.50,7.77,3.54,5.97,0,5.97,1.19,0,0,4.73,0,,0,,,4.73,32.67,posted_fees_reconciled,True,True
112-8135553-1621830,1058392679,B01N03NM02,X003UAD6P9,"Harmony Good Dog Ceramic Dog Bowl, 1 Cup",False,Unclassified,No reliable game match,,11,2026-05-17,2026-05-25,1,1,LPNPMGN3406102,LAS2,SELLABLE,MISSED_ESTIMATED_DELIVERY,Unit returned to inventory,sellable,,5.99,inventorylab_legacy,24.95,24.95,24.95,9.25,3.74,4.76,3.74,0,3.74,0.75,0,0,5.51,0,,0,,0,5.51,5.51,posted_fees_reconciled,True,True
113-4189109-6884236,1051249032,B01N1GRUUC,X003BJR6E1,"Harmony Good Dog Ceramic Dog Bowl, 6 Cups",False,Unclassified,No reliable game match,,11,2026-05-13,2026-05-22,1,1,LPNPMFV1656249,PHX6,CUSTOMER_DAMAGED,NO_REASON_GIVEN,Unit returned to inventory,unsellable_recovery_unknown,,10.99,inventorylab_legacy,0.00,0,0,,,,,,,,,,,0,,0,,,,,missing_posted_refund;non_USD_or_unknown_currency,False,True
111-0084190-8118637,1051249032,B01N1GRUUC,X003BJR6E1,"Harmony Good Dog Ceramic Dog Bowl, 6 Cups",False,Unclassified,No reliable game match,,11,2026-04-29,2026-05-22,1,1,LPNO545417659,PHX6,CUSTOMER_DAMAGED,DAMAGED_BY_CARRIER,Unit returned to inventory,inspected_sellable,a737042a-d9db-47cf-9ad6-e690ee72ec22,10.99,inventorylab_legacy,34.99,34.99,34.99,13.20,5.25,6.9,5.25,0,5.25,1.05,0,0,7.95,0,,0,,0,7.95,7.95,posted_fees_reconciled,True,True
112-6899953-8032217,1068329410,B07HFMJ4R5,X004JJ78EP,Minecraft: Starter Collection - Xbox One [Xbox One],True,Xbox One,Title/platform heuristic,,11,2026-04-14,2026-05-22,1,1,LPNO539308155,PHX6,SELLABLE,UNWANTED_ITEM,Unit returned to inventory,sellable,,23.49,inventorylab_legacy,55.00,55.0,55.0,15.51,10.05,3.81,8.25,0,8.25,1.65,0,0,5.46,0,,0,,0,5.46,5.46,posted_fees_reconciled,True,True
113-9957559-9165815,1033469061,B07VWCR94W,X002IZJMP5,WWE 2K20 - PlayStation 4 [PlayStation 4],True,PlayStation 4,Title/platform heuristic,,11,2026-04-16,2026-05-21,1,1,LPNO570922189,IND8,SELLABLE,UNWANTED_ITEM,Unit returned to inventory,sellable,,16.19,inventorylab_legacy,34.76,34.76,34.76,11.59,7.01,3.54,5.21,0,5.21,1.04,0,0,4.58,0,,0,,0,4.58,4.58,posted_fees_reconciled,True,True
112-3676715-8150634,1048894668,B01AC3ZD06,X0037THN4N,Nintendo Selects: Super Mario 3D World - Wii U Standard Edition [Nintendo Wii U],True,Nintendo Wii U,Title/platform heuristic,,11,2026-03-18,2026-05-18,1,1,LPNND644HWLCG,LEX1,SELLABLE,NOT_COMPATIBLE,Unit returned to inventory,sellable,,15.71,mbop_fifo,49.92,49.92,49.92,14.21,9.29,3.42,7.49,0,7.49,1.5,0,0,4.92,0,,0,,0,4.92,4.92,posted_fees_reconciled,True,True
111-0331002-9081035,1071133179,B0794QSXP5,X00506QXE7,Dragon Ball Fighterz - Xbox One [Xbox One],True,Xbox One,Title/platform heuristic,,11,2026-05-08,2026-05-16,1,1,LPNO546184010,PHX6,SELLABLE,ORDERED_WRONG_ITEM,Unit returned to inventory,sellable,,21.38,inventorylab_legacy,44.92,44.92,44.92,13.43,8.54,3.54,6.74,0,6.74,1.35,0,0,4.89,0,,0,,0,4.89,4.89,posted_fees_reconciled,True,True
111-7140018-4311441,1052907525,B01N54QSH6,X003EPODEN,"Harmony Good Dog Ceramic Dog Bowl, 3 Cups",False,Unclassified,No reliable game match,,11,2026-04-24,2026-05-15,1,1,LPNNC6SQ9M5R9,MEM3,CUSTOMER_DAMAGED,APPAREL_TOO_SMALL,Unit returned to inventory,inspected_sellable,5efe4506-fb98-43ed-b833-bc55c52a953c,7.99,mbop_fifo,34.99,34.99,34.99,12.32,5.25,6.02,5.25,0,5.25,1.05,0,0,7.07,0,,0,,0,7.07,7.07,posted_fees_reconciled,True,True
114-7622178-5811461,1045507690,B07DJY4FRP,X0032R0N4R,Gears 5: Standard Edition - Xbox One [Xbox One],True,Xbox One,Title/platform heuristic,,11,2026-05-01,2026-05-15,1,1,LPNND65V95PQQ,LEX1,SELLABLE,NOT_AS_DESCRIBED,Unit returned to inventory,sellable,,19.35,inventorylab_legacy,37.15,37.15,37.15,12.02,7.37,3.54,5.57,0,5.57,1.11,0,0,4.65,0,,0,,0,4.65,4.65,posted_fees_reconciled,True,True
113-1117110-7828247,1064185632,B08X8NTNYY,X00470PJQP,Tony Hawk Pro Skater 1+2 - Xbox Series X Standard Edition [Xbox Series X],True,Xbox Series X,Title/platform heuristic,,11,2026-04-04,2026-05-14,1,1,LPNO545275016,PHX6,CUSTOMER_DAMAGED,NOT_COMPATIBLE,Unit returned to inventory,unsellable_recovery_unknown,25ba6152-6a40-46a0-ad3a-e72b9c390fae,16.44,inventorylab_legacy,41.78,41.78,41.78,12.74,8.07,3.42,6.27,0,6.27,1.25,0,0,4.67,0,,0,,,4.67,21.11,posted_fees_reconciled,True,True
113-9347250-2231463,1028571825,B003ZHMMEM,X002AKI3GR,Donkey Kong Country Returns [Nintendo Wii],True,Nintendo Wii,Title/platform heuristic,,11,2026-05-03,2026-05-13,1,1,LPNNE6BNQJYGG,CHA1,SELLABLE,NOT_AS_DESCRIBED,Unit returned to inventory,sellable,,,missing,42.94,42.94,42.94,13.10,8.24,3.57,6.44,0,6.44,1.29,0,0,4.86,0,,0,,0,4.86,4.86,posted_fees_reconciled,True,True
114-0758267-0675429,1029788236,B07D8KQJ8J,X002CLQE33,Battlefield V Deluxe Edition - PlayStation 4 [PlayStation 4],True,PlayStation 4,Title/platform heuristic,,11,2026-04-26,2026-05-13,1,1,LPNO536397859,IND8,CUSTOMER_DAMAGED,DAMAGED_BY_FC,Unit returned to inventory,unsellable_recovery_unknown,,17.39,inventorylab_legacy,54.82,54.82,54.82,15.47,10.02,3.81,8.22,0,8.22,1.64,0,0,5.45,0,,0,,,5.45,22.84,posted_fees_reconciled,True,True
114-0758267-0675429,1037517086,B00MU1YEZY,X002Q1LJGV,Call of Duty: Advanced Warfare - PlayStation 4 [PlayStation 4],True,PlayStation 4,Title/platform heuristic,,11,2026-04-26,2026-05-12,1,1,LPNO536397845,IND8,CUSTOMER_DAMAGED,DAMAGED_BY_FC,Unit returned to inventory,inspected_sellable,9abcd917-89b5-4a5f-9514-ec3429ceb50d,17.15,inventorylab_legacy,36.87,36.87,36.87,11.98,7.33,3.54,5.53,0,5.53,1.11,0,0,4.65,0,,0,,0,4.65,4.65,posted_fees_reconciled,True,True
111-4350586-4838659,1045507690,B07DJY4FRP,X0032R0N4R,Gears 5: Standard Edition - Xbox One [Xbox One],True,Xbox One,Title/platform heuristic,,11,2026-04-08,2026-05-12,1,1,,LGB3,SELLABLE,UNDELIVERABLE_UNKNOWN,Unit returned to inventory,sellable,,19.35,inventorylab_legacy,38.75,38.75,38.75,12.19,7.61,3.42,5.81,0,5.81,1.16,0,0,4.58,0,,0,,0,4.58,4.58,posted_fees_reconciled,True,True
114-5772898-9275458,1070280039,B08JJ37XVW,X004UTG55R,Monster Hunter Rise - Nintendo Switch Standard Edition [Nintendo Switch],True,Nintendo Switch,Title/platform heuristic,,11,2026-05-04,2026-05-11,1,1,LPNO549218511,IND8,CUSTOMER_DAMAGED,NOT_AS_DESCRIBED,Unit returned to inventory,unsellable_recovery_unknown,,16.47,inventorylab_legacy,42.91,42.91,42.91,19.96,15.23,3.44,6.44,0,6.44,1.29,0,0,4.73,0,,0,,,4.73,21.20,posted_fees_reconciled,True,True
114-5746212-1025813,1069890475,B0BP5CKT2F,X004SCH12H,Star Wars Jedi: Survivor Deluxe - Xbox Series X [Xbox Series X],True,Xbox Series X,Title/platform heuristic,,11,2026-04-23,2026-05-11,1,1,LPNAC840646637,IAH1,SELLABLE,NOT_COMPATIBLE,Unit returned to inventory,sellable,,18.00,inventorylab_legacy,57.00,57.0,57.0,15.87,10.35,3.81,8.55,0,8.55,1.71,0,0,5.52,0,,0,,0,5.52,5.52,posted_fees_reconciled,True,True
112-0059692-9345811,1056263472,B08NDYPWK7,X003Q31GHP,DEATHLOOP Standard Edition - PlayStation 5 [PlayStation 5],True,PlayStation 5,Title/platform heuristic,,11,2026-05-04,2026-05-08,1,1,,FTW6,SELLABLE,MISSED_ESTIMATED_DELIVERY,Unit returned to inventory,sellable,,14.29,inventorylab_legacy,31.82,31.82,31.82,11.06,6.57,3.54,4.77,0,4.77,0.95,0,0,4.49,0,,0,,0,4.49,4.49,posted_fees_reconciled,True,True
114-1224923-6510669,1066393107,B08X2FS1TV,X004DJJYA7,"Magicsuit Women's Peace Out Aubrey High Neck Soft Cup One Piece Swimsuit, Black/Multi, 10",False,Unclassified,No reliable game match,,11,2026-04-23,2026-05-06,1,1,LPNPMFN9545355,AFW2,SELLABLE,NOT_AS_DESCRIBED,Unit returned to inventory,sellable,,,missing,39.80,39.8,39.8,15.13,6.77,7.01,6.77,0,6.77,1.35,0,0,8.36,0,,0,,0,8.36,8.36,posted_fees_reconciled,True,True
112-2345381-4979407,1052907525,B01N54QSH6,X003EPODEN,"Harmony Good Dog Ceramic Dog Bowl, 3 Cups",False,Unclassified,No reliable game match,,11,2026-04-24,2026-05-06,1,1,LPNRRJJ0594275,EWR7,CUSTOMER_DAMAGED,ORDERED_WRONG_ITEM,Unit returned to inventory,unsellable_recovery_unknown,,7.99,mbop_fifo,34.99,34.99,34.99,12.32,5.25,6.02,5.25,0,5.25,1.05,0,0,7.07,0,,0,,,7.07,15.06,posted_fees_reconciled,True,True
114-4385622-3526649,1048220574,B00KLMOY4K,X0036RZFQJ,Plants vs Zombies Garden Warfare(Online Play Required) - PlayStation 4 [PlayStation 4],True,PlayStation 4,Title/platform heuristic,,11,2026-04-12,2026-05-05,1,1,LPNND6WQ7SV3Z,MEM3,SELLABLE,NOT_COMPATIBLE,Unit returned to inventory,sellable,,12.50,inventorylab_legacy,28.51,28.51,28.51,10.36,6.08,3.42,4.28,0,4.28,0.86,0,0,4.28,0,,0,,0,4.28,4.28,posted_fees_reconciled,True,True
114-1925219-9628203,1070280033,B097FP294Y,X004UTAZXP,Aliens Fireteam Elite - PlayStation 5 [PlayStation 5],True,PlayStation 5,Title/platform heuristic,,11,2026-04-25,2026-05-05,1,1,LPNO533811168,IND8,CUSTOMER_DAMAGED,DAMAGED_BY_FC,Unit returned to inventory,unsellable_recovery_unknown,,20.18,mbop_fifo,41.05,41.05,0,,,,,,,,,,,0,,0,,,,,missing_posted_refund,True,True
112-8315973-3133853,1063375686,B00ZJBSW2S,X00452Y94D,TrackMania Turbo - Xbox One [Xbox One],True,Xbox One,Title/platform heuristic,,11,2026-04-14,2026-05-03,1,1,LPNO538095401,IND8,SELLABLE,UNWANTED_ITEM,Unit returned to inventory,sellable,,10.42,inventorylab_legacy,23.76,23.76,23.76,9.52,5.36,3.45,3.56,0,3.56,0.71,0,0,4.16,0,,0,,0,4.16,4.16,posted_fees_reconciled,True,True
114-0588929-4497863,1051249032,B01N1GRUUC,X003BJR6E1,"Harmony Good Dog Ceramic Dog Bowl, 6 Cups",False,Unclassified,No reliable game match,,11,2026-03-18,2026-05-01,1,1,LPNPMFV1656249,LAS2,SELLABLE,QUALITY_UNACCEPTABLE,Unit returned to inventory,sellable,,10.99,inventorylab_legacy,34.98,34.98,34.98,12.97,5.25,6.67,5.25,0,5.25,1.05,0,0,7.72,0,,0,,0,7.72,7.72,posted_fees_reconciled,True,True
111-4385622-4634625,1031051552,B06XDN21W5,X002EWR8PX,Paradise Treasure Trove Brown White Football Coin Piggy Bank Sports Stitching,False,Unclassified,No reliable game match,,11,2026-04-15,2026-05-01,1,1,LPNNC6XSNBX9V,LEX2,CUSTOMER_DAMAGED,APPAREL_TOO_SMALL,Unit returned to inventory,unsellable_recovery_unknown,,8.99,mbop_fifo,25.99,25.99,25.99,10.60,3.9,5.92,3.9,0,3.9,0.78,0,0,6.70,0,,0,,,6.70,15.69,posted_fees_reconciled,True,True
112-2952927-5745023,1048894668,B01AC3ZD06,X0037THN4N,Nintendo Selects: Super Mario 3D World - Wii U Standard Edition [Nintendo Wii U],True,Nintendo Wii U,Title/platform heuristic,,11,2026-04-12,2026-04-30,1,1,LPNND6HKTRYB6,CHA1,SELLABLE,ORDERED_WRONG_ITEM,Unit returned to inventory,sellable,,,missing,43.06,43.06,43.06,12.97,8.26,3.42,6.46,0,6.46,1.29,0,0,4.71,0,,0,,0,4.71,4.71,posted_fees_reconciled,True,True
112-1041726-2904265,1052907525,B01N54QSH6,X003EPODEN,"Harmony Good Dog Ceramic Dog Bowl, 3 Cups",False,Unclassified,No reliable game match,,11,2026-04-17,2026-04-30,1,1,LPNRRJI3873565,EWR7,CUSTOMER_DAMAGED,ORDERED_WRONG_ITEM,Unit returned to inventory,unsellable_recovery_unknown,,7.99,mbop_fifo,34.99,34.99,34.99,12.32,5.25,6.02,5.25,0,5.25,1.05,0,0,7.07,0,,0,,,7.07,15.06,posted_fees_reconciled,True,True
113-1627378-9262634,1071283716,B078HH451K,X0050ZB375,Adventure Time: Pirates of the Enchiridion - PlayStation 4 Edition [PlayStation 4],True,PlayStation 4,Title/platform heuristic,,11,2026-04-04,2026-04-29,1,1,LPNNC6ZYTCLT5,LEX1,SELLABLE,ORDERED_WRONG_ITEM,Unit returned to inventory,sellable,,,missing,39.72,39.72,39.72,12.37,7.76,3.42,5.96,0,5.96,1.19,0,0,4.61,0,,0,,0,4.61,4.61,posted_fees_reconciled,True,True
114-6088507-2187406,1071283749,B08MG4PK68,X0050ZBBJZ,Hitman 3 for Xbox One & Xbox Series X [Xbox One],True,Xbox Series X/Xbox One,Title/platform heuristic,,11,2026-04-06,2026-04-27,1,1,LPNO548005005,PHX6,SELLABLE,UNWANTED_ITEM,Unit returned to inventory,sellable,,,missing,56.03,56.03,56.03,15.56,10.2,3.68,8.4,0,8.4,1.68,0,0,5.36,0,,0,,0,5.36,5.36,posted_fees_reconciled,True,True
114-4759765-6969815,1058392679,B01N03NM02,X003UAD6P9,"Harmony Good Dog Ceramic Dog Bowl, 1 Cup",False,Unclassified,No reliable game match,,11,2026-03-31,2026-04-22,1,1,LPNPMFX5268470,LAS2,CUSTOMER_DAMAGED,DAMAGED_BY_CARRIER,Unit returned to inventory,unsellable_recovery_unknown,,5.99,inventorylab_legacy,24.98,24.98,0,,,,,,,,,,,0,,0,,,,,missing_posted_refund,True,True
112-9727055-0467456,1045507690,B07DJY4FRP,X0032R0N4R,Gears 5: Standard Edition - Xbox One [Xbox One],True,Xbox One,Title/platform heuristic,,11,2026-04-11,2026-04-21,1,1,LPNO538864320,IND8,SELLABLE,UNWANTED_ITEM,Unit returned to inventory,sellable,,19.35,inventorylab_legacy,42.87,42.87,42.87,12.94,8.23,3.42,6.43,0,6.43,1.29,0,0,4.71,0,,0,,0,4.71,4.71,posted_fees_reconciled,True,True
112-1981942-0638611,1045509207,B0042GW7CC,X0032QX741,Namco Museum Megamix [Nintendo Wii],True,Nintendo Wii,Title/platform heuristic,,11,2026-04-04,2026-04-20,1,1,,VGT1,SELLABLE,UNDELIVERABLE_UNKNOWN,Unit returned to inventory,sellable,,11.12,mbop_fifo,31.46,31.46,31.46,20.97,16.61,3.42,4.72,0,4.72,0.94,0,0,4.36,0,,0,,0,4.36,4.36,posted_fees_reconciled,True,True
114-2124490-4876255,1051249032,B01N1GRUUC,X003BJR6E1,"Harmony Good Dog Ceramic Dog Bowl, 6 Cups",False,Unclassified,No reliable game match,,11,2026-04-04,2026-04-19,1,1,LPNNC63R2W257,CHA1,CUSTOMER_DAMAGED,DAMAGED_BY_FC,Unit returned to inventory,unsellable_recovery_unknown,,10.99,inventorylab_legacy,34.95,34.95,0,,,,,,,,,,,0,,0,,,,,missing_posted_refund,True,True
111-3787566-9617028,1028908801,B00KWFCV32,X002B4ZPAJ,Splatoon [Nintendo Wii U],True,Nintendo Wii U,Title/platform heuristic,,11,2026-03-21,2026-04-14,1,1,,TUS2,SELLABLE,UNDELIVERABLE_UNKNOWN,Unit returned to inventory,sellable,,27.94,inventorylab_legacy,39.98,39.98,39.98,12.42,7.8,3.42,6.0,0,6.0,1.2,0,0,4.62,0,,0,,0,4.62,4.62,posted_fees_reconciled,True,True
114-5852173-2681018,1059898575,B09R1T4G9P,X003XH3PHD,Comfortiva Alesha Gold 8.5 M (B),False,Unclassified,No reliable game match,,11,2026-03-27,2026-04-13,1,1,LPNNB6V8HVYQ3,SDF9,SELLABLE,ORDERED_WRONG_ITEM,Unit returned to inventory,sellable,,29.00,inventorylab_legacy,18.82,18.82,18.82,10.51,2.82,7.13,2.82,0,2.82,0.56,0,0,7.69,0,,0,,0,7.69,7.69,posted_fees_reconciled,True,True
113-7664742-7108227,1069286305,B0CTKX44NG,X004OHC455,MLB The Show 24 - Nintendo Switch [Nintendo Switch],True,Nintendo Switch,Title/platform heuristic,,11,2026-03-25,2026-04-13,1,1,LPNRRJI3589798,EWR7,SELLABLE,ORDERED_WRONG_ITEM,Unit returned to inventory,sellable,,39.00,mbop_fifo,88.16,88.16,88.16,21.24,15.02,3.58,13.22,0,13.22,2.64,0,0,6.22,0,,0,,0,6.22,6.22,posted_fees_reconciled,True,True
114-7402167-2991406,1058392679,B01N03NM02,X003UAD6P9,"Harmony Good Dog Ceramic Dog Bowl, 1 Cup",False,Unclassified,No reliable game match,,11,2026-03-26,2026-04-11,1,1,LPNNB6M4KZ1PK,LEX1,CUSTOMER_DAMAGED,POOR_FIT,Unit returned to inventory,unsellable_recovery_unknown,,5.99,inventorylab_legacy,24.99,24.99,24.99,9.10,3.75,4.6,3.75,0,3.75,0.75,0,0,5.35,0,,0,,,5.35,11.34,posted_fees_reconciled,True,True
112-1617152-1793033,1058392679,B01N03NM02,X003UAD6P9,"Harmony Good Dog Ceramic Dog Bowl, 1 Cup",False,Unclassified,No reliable game match,,11,2026-03-20,2026-04-09,1,1,LPNPMFQ7632950,HOU3,SELLABLE,POOR_FIT,Unit returned to inventory,sellable,,5.99,inventorylab_legacy,20.37,20.37,20.37,8.27,3.06,4.6,3.06,0,3.06,0.61,0,0,5.21,0,,0,,0,5.21,5.21,posted_fees_reconciled,True,True
113-4707224-5109032,1070891178,B004FUI84G,X004YOIZKL,Prototype 2 PS3 - PlayStation 3 [PlayStation 3],True,PlayStation 3,Title/platform heuristic,,11,2026-03-24,2026-04-08,1,1,LPNRRJE1827050,EWR7,SELLABLE,ORDERED_WRONG_ITEM,Unit returned to inventory,sellable,,19.16,mbop_fifo,40.77,40.77,40.77,12.56,7.92,3.42,6.12,0,6.12,1.22,0,0,4.64,0,,0,,0,4.64,4.64,posted_fees_reconciled,True,True
111-5434538-2816217,1041419281,B07DQ43VFQ,X002WHUA6T,NBA 2K19 - Nintendo Switch [Nintendo Switch],True,Nintendo Switch,Title/platform heuristic,,11,2026-03-06,2026-04-06,1,1,LPNO540774729,IND8,SELLABLE,ORDERED_WRONG_ITEM,Unit returned to inventory,sellable,,18.33,mbop_fifo,38.99,38.99,38.99,12.24,7.65,3.42,5.85,0,5.85,1.17,0,0,4.59,0,,0,,0,4.59,4.59,posted_fees_reconciled,True,True
114-6437155-3385856,1052907525,B01N54QSH6,X003EPODEN,"Harmony Good Dog Ceramic Dog Bowl, 3 Cups",False,Unclassified,No reliable game match,,11,2026-03-23,2026-04-05,1,1,LPNRRJD2416301,LEX2,CUSTOMER_DAMAGED,FOUND_BETTER_PRICE,Unit returned to inventory,unsellable_recovery_unknown,,7.99,mbop_fifo,34.99,34.99,34.99,12.12,5.25,5.82,5.25,0,5.25,1.05,0,0,6.87,0,,0,,,6.87,14.86,posted_fees_reconciled,True,True
111-1090107-9016235,1028908801,B00KWFCV32,X002B4ZPAJ,Splatoon [Nintendo Wii U],True,Nintendo Wii U,Title/platform heuristic,,11,2026-03-16,2026-04-03,1,1,LPNAC991895658,PGA1,SELLABLE,ORDERED_WRONG_ITEM,Unit returned to inventory,sellable,,27.94,inventorylab_legacy,39.99,39.99,39.99,12.42,7.8,3.42,6.0,0,6.0,1.2,0,0,4.62,0,,0,,0,4.62,4.62,posted_fees_reconciled,True,True
112-6344274-1402669,1045692341,B014N4RTS4,X0032ZVHWV,YO-KAI WATCH - 3DS [Nintendo 3DS],True,Nintendo 3DS,Title/platform heuristic,,11,2026-03-22,2026-04-02,1,1,LPNO538834617,IND8,SELLABLE,NOT_AS_DESCRIBED,Unit returned to inventory,sellable,,25.00,mbop_fifo,60.46,60.46,60.46,16.36,10.87,3.68,9.07,0,9.07,1.81,0,0,5.49,0,,0,,0,5.49,5.49,posted_fees_reconciled,True,True
114-5030390-5171414,1066393107,B08X2FS1TV,X004DJJYA7,"Magicsuit Women's Peace Out Aubrey High Neck Soft Cup One Piece Swimsuit, Black/Multi, 10",False,Unclassified,No reliable game match,,11,2026-03-13,2026-03-30,1,1,LPNPMFR3976897,MIA7,SELLABLE,APPAREL_TOO_LARGE,Unit returned to inventory,sellable,,25.00,mbop_fifo,49.94,49.94,49.94,16.96,8.49,6.77,8.49,0,8.49,1.7,0,0,8.47,0,,0,,0,8.47,8.47,posted_fees_reconciled,True,True
111-5002626-1181848,1058392679,B01N03NM02,X003UAD6P9,"Harmony Good Dog Ceramic Dog Bowl, 1 Cup",False,Unclassified,No reliable game match,,11,2026-02-28,2026-03-23,1,1,LPNO512751539,IND8,CUSTOMER_DAMAGED,POOR_FIT,Unit returned to inventory,unsellable_recovery_unknown,,5.99,inventorylab_legacy,20.39,20.39,20.39,8.27,3.06,4.6,3.06,0,3.06,0.61,0,0,5.21,0,,0,,,5.21,11.20,posted_fees_reconciled,True,True
112-2936515-0203457,1070474320,B0BBXD3P63,X004W2NSJN,God of Rock (PS5) [PlayStation 5],True,PlayStation 5,Title/platform heuristic,,11,2026-02-19,2026-03-19,1,1,LPNPMGY3448366,LAS2,SELLABLE,MISSED_ESTIMATED_DELIVERY,Unit returned to inventory,sellable,,23.99,mbop_fifo,52.64,52.64,52.64,14.96,9.7,3.68,7.9,0,7.9,1.58,0,0,5.26,0,,0,,0,5.26,5.26,posted_fees_reconciled,True,True
111-8240945-5411410,1059898575,B09R1T4G9P,X003XH3PHD,Comfortiva Alesha Gold 8.5 M (B),False,Unclassified,No reliable game match,,11,2026-02-11,2026-03-18,1,1,LPNPMFL7669559,MIA7,SELLABLE,DID_NOT_LIKE_COLOR,Unit returned to inventory,sellable,,29.00,inventorylab_legacy,18.93,18.93,18.93,10.54,2.84,7.13,2.84,0,2.84,0.57,0,0,7.70,0,,0,,0,7.70,7.70,posted_fees_reconciled,True,True
113-5618105-9304226,1058392679,B01N03NM02,X003UAD6P9,"Harmony Good Dog Ceramic Dog Bowl, 1 Cup",False,Unclassified,No reliable game match,,11,2026-02-01,2026-03-11,1,1,LPNRRJE5241451,EWR7,CUSTOMER_DAMAGED,DAMAGED_BY_FC,Unit returned to inventory,unsellable_recovery_unknown,,5.99,inventorylab_legacy,20.39,20.39,0,,,,,,,,,,,0,,0,,,,,missing_posted_refund,True,True
113-5768966-6186616,1031051552,B06XDN21W5,X002EWR8PX,Paradise Treasure Trove Brown White Football Coin Piggy Bank Sports Stitching,False,Unclassified,No reliable game match,,11,2026-02-16,2026-03-05,1,1,LPNO519931678,IND8,SELLABLE,UNWANTED_ITEM,Unit returned to inventory,sellable,,8.99,mbop_fifo,25.99,25.99,25.99,10.60,3.9,5.92,3.9,0,3.9,0.78,0,0,6.70,0,,0,,0,6.70,6.70,posted_fees_reconciled,True,True
112-9889271-3983462,1052907525,B01N54QSH6,X003EPODEN,"Harmony Good Dog Ceramic Dog Bowl, 3 Cups",False,Unclassified,No reliable game match,,11,2026-02-02,2026-02-26,1,1,LPNO514103089,IND8,CUSTOMER_DAMAGED,MISSING_PARTS,Unit returned to inventory,unsellable_recovery_unknown,,7.99,mbop_fifo,49.95,49.95,0,,,,,,,,,,,0,,0,,,,,missing_posted_refund,True,True
114-7322686-8579468,1058392679,B01N03NM02,X003UAD6P9,"Harmony Good Dog Ceramic Dog Bowl, 1 Cup",False,Unclassified,No reliable game match,,11,2026-01-28,2026-02-22,1,1,LPNNB6ZZ8HGLP,CHA1,CUSTOMER_DAMAGED,ORDERED_WRONG_ITEM,Unit returned to inventory,unsellable_recovery_unknown,,5.99,inventorylab_legacy,20.39,20.39,20.39,8.27,3.06,4.6,3.06,0,3.06,0.61,0,0,5.21,0,,0,,,5.21,11.20,posted_fees_reconciled,True,True
113-1901656-7429829,1058392679,B01N03NM02,X003UAD6P9,"Harmony Good Dog Ceramic Dog Bowl, 1 Cup",False,Unclassified,No reliable game match,,11,2026-02-03,2026-02-22,1,1,LPNNA6S6WGX5K,LEX2,CUSTOMER_DAMAGED,NOT_AS_DESCRIBED,Unit returned to inventory,unsellable_recovery_unknown,,5.99,inventorylab_legacy,20.39,20.39,20.39,8.27,3.06,4.6,3.06,0,3.06,0.61,0,0,5.21,0,,0,,,5.21,11.20,posted_fees_reconciled,True,True
111-3305880-4809068,1052907525,B01N54QSH6,X003EPODEN,"Harmony Good Dog Ceramic Dog Bowl, 3 Cups",False,Unclassified,No reliable game match,,11,2026-01-27,2026-02-20,1,1,LPNNA66XGS4C3,LEX2,SELLABLE,POOR_FIT,Unit returned to inventory,sellable,,7.99,mbop_fifo,32.69,32.69,32.69,11.70,4.9,5.82,4.9,0,4.9,0.98,0,0,6.80,0,,0,,0,6.80,6.80,posted_fees_reconciled,True,True
113-6138971-2924247,1058392679,B01N03NM02,X003UAD6P9,"Harmony Good Dog Ceramic Dog Bowl, 1 Cup",False,Unclassified,No reliable game match,,11,2026-02-02,2026-02-19,1,1,LPNPMFA2941938,LAS2,CUSTOMER_DAMAGED,APPAREL_TOO_SMALL,Unit returned to inventory,unsellable_recovery_unknown,,5.99,inventorylab_legacy,20.39,20.39,20.39,8.27,3.06,4.6,3.06,0,3.06,0.61,0,0,5.21,0,,0,,,5.21,11.20,posted_fees_reconciled,True,True
112-6031769-0429014,1069890477,B0CFTFG12B,X004SC7DL1,Call of Duty Modern Warfare III - Xbox [Xbox Series X],True,Xbox,Title/platform heuristic,,11,2025-11-17,2026-02-18,1,1,LPNAC790460428,FAR1,CUSTOMER_DAMAGED,NOT_AS_DESCRIBED,Unit returned to inventory,unsellable_recovery_unknown,,,missing,48.20,48.2,48.2,13.82,9.03,3.34,7.23,0,7.23,1.45,0,0,4.79,0,,0,,,4.79,,posted_fees_reconciled,True,True
114-1908669-9576252,1063375936,B07XGW61PX,X00452YNSF,Plants Vs. Zombies: Battle for Neighborville - Xbox One [Xbox One],True,Xbox One,Title/platform heuristic,,11,2025-12-11,2026-02-18,1,1,LPNNA6TWDRGYB,CHA1,SELLABLE,NOT_COMPATIBLE,Unit returned to inventory,sellable,,13.87,inventorylab_legacy,31.09,31.09,31.09,10.73,6.46,3.34,4.66,0,4.66,0.93,0,0,4.27,0,,0,,0,4.27,4.27,posted_fees_reconciled,True,True
114-1167993-5477810,1062959210,B09K2RT1MR,X00449KCKR,"Columbia Women's Facet Sierra Outdry, Black/Black, 10",False,Unclassified,No reliable game match,,11,2026-01-05,2026-02-17,1,1,LPNO476103542,PHX6,CUSTOMER_DAMAGED,QUALITY_UNACCEPTABLE,Unit returned to inventory,unsellable_recovery_unknown,,39.00,mbop_fifo,79.99,79.99,79.99,23.06,12.0,8.66,12.0,0,12.0,2.4,0,0,11.06,0,,0,,,11.06,50.06,posted_fees_reconciled,True,True
113-4455659-5979448,1058619763,B01LDFGIT2,X003URHI1Z,Livewire Advantage Instrument Cable 10 ft. Black,False,Unclassified,No reliable game match,,11,2026-01-20,2026-02-16,1,1,LPNAC313723518,IAH1,CUSTOMER_DAMAGED,DEFECTIVE,Unit returned to inventory,unsellable_recovery_unknown,,10.48,inventorylab_legacy,27.99,27.99,27.99,9.24,4.2,4.2,4.2,0,4.2,0.84,0,0,5.04,0,,0,,,5.04,15.52,posted_fees_reconciled,True,True
112-6917340-7501838,1052907525,B01N54QSH6,X003EPODEN,"Harmony Good Dog Ceramic Dog Bowl, 3 Cups",False,Unclassified,No reliable game match,,11,2025-12-09,2026-02-12,1,1,LPNRRJD2416301,FAT1,SELLABLE,UNDELIVERABLE_UNKNOWN,Unit returned to inventory,sellable,,,missing,49.95,49.95,49.95,15.09,7.49,6.1,7.49,0,7.49,1.5,0,0,7.60,0,,0,,0,7.60,7.60,posted_fees_reconciled,True,True
111-6338490-7632263,1048220574,B00KLMOY4K,X0036RZFQJ,Plants vs Zombies Garden Warfare(Online Play Required) - PlayStation 4 [PlayStation 4],True,PlayStation 4,Title/platform heuristic,,11,2026-01-22,2026-02-10,1,1,LPNNA684FXP4F,LEX1,CUSTOMER_DAMAGED,NOT_AS_DESCRIBED,Unit returned to inventory,unsellable_recovery_unknown,,12.50,inventorylab_legacy,29.78,29.78,29.78,10.58,6.27,3.42,4.47,0,4.47,0.89,0,0,4.31,0,,0,,,4.31,16.81,posted_fees_reconciled,True,True
111-3922304-9776246,1030912249,B016KAKD7S,X002EOTBBF,"18"" Bendable Muslin DollNew by: CC",False,Unclassified,No reliable game match,,11,2026-01-22,2026-02-10,1,1,LPNAC134859809,PGA1,CUSTOMER_DAMAGED,NOT_AS_DESCRIBED,Unit returned to inventory,unsellable_recovery_unknown,,8.99,inventorylab_legacy,23.14,23.14,23.14,10.08,3.47,5.92,3.47,0,3.47,0.69,0,0,6.61,0,,0,,,6.61,15.60,posted_fees_reconciled,True,True
113-6130520-3312241,1052907525,B01N54QSH6,X003EPODEN,"Harmony Good Dog Ceramic Dog Bowl, 3 Cups",False,Unclassified,No reliable game match,,11,2026-01-30,2026-02-09,1,1,LPNO485116652,PHX6,SELLABLE,POOR_FIT,Unit returned to inventory,sellable,,7.99,mbop_fifo,32.41,32.41,32.41,11.65,4.86,5.82,4.86,0,4.86,0.97,0,0,6.79,0,,0,,0,6.79,6.79,posted_fees_reconciled,True,True
113-1592867-8461863,1031051552,B06XDN21W5,X002EWR8PX,Paradise Treasure Trove Brown White Football Coin Piggy Bank Sports Stitching,False,Unclassified,No reliable game match,,11,2026-01-13,2026-02-08,1,1,LPNNA65HFKHGH,LEX2,CUSTOMER_DAMAGED,DAMAGED_BY_FC,Unit returned to inventory,unsellable_recovery_unknown,,8.99,mbop_fifo,25.99,25.99,0,,,,,,,,,,,0,,0,,,,,missing_posted_refund,True,True
112-7222588-5965843,1070280031,B0B57TXPTH,X004UTCZGZ,PAC-MAN World Re-PAC - PlayStation 4 [PlayStation 4],True,PlayStation 4,Title/platform heuristic,,11,2025-11-28,2026-02-03,1,1,LPNO496450793,IND8,SELLABLE,UNWANTED_ITEM,Unit returned to inventory,sellable,,14.92,inventorylab_legacy,34.97,34.97,34.67,,,,,,,,,,,0,,0,,0,,,principal_difference_review,True,True
113-2871787-3918615,1048220574,B00KLMOY4K,X0036RZFQJ,Plants vs Zombies Garden Warfare(Online Play Required) - PlayStation 4 [PlayStation 4],True,PlayStation 4,Title/platform heuristic,,11,2025-11-30,2026-02-03,1,1,LPNO500885809,IND8,CUSTOMER_DAMAGED,ORDERED_WRONG_ITEM,Unit returned to inventory,unsellable_recovery_unknown,,12.50,inventorylab_legacy,28.43,28.43,28.43,10.25,6.06,3.34,4.26,0,4.26,0.85,0,0,4.19,0,,0,,,4.19,16.69,posted_fees_reconciled,True,True
114-5464075-0041066,1051249032,B01N1GRUUC,X003BJR6E1,"Harmony Good Dog Ceramic Dog Bowl, 6 Cups",False,Unclassified,No reliable game match,,11,2026-01-08,2026-02-02,1,1,LPNO481495655,PHX6,CUSTOMER_DAMAGED,DAMAGED_BY_FC,Unit returned to inventory,unsellable_recovery_unknown,,10.99,inventorylab_legacy,34.13,34.13,0,,,,,,,,,,,0,,0,,,,,missing_posted_refund,True,True
112-7648334-6325852,1052907525,B01N54QSH6,X003EPODEN,"Harmony Good Dog Ceramic Dog Bowl, 3 Cups",False,Unclassified,No reliable game match,,11,2026-01-14,2026-01-31,1,2,LPNAC448995605,IAH1,CUSTOMER_DAMAGED,NOT_AS_DESCRIBED,Unit returned to inventory,unsellable_recovery_unknown,,9.74,mbop_fifo,32.97,65.94,65.94,12.04,4.95,6.1,4.95,0,4.95,0.99,0,0,7.09,0,,0,,,7.09,16.83,posted_fees_reconciled,True,True
112-7648334-6325852,1052907525,B01N54QSH6,X003EPODEN,"Harmony Good Dog Ceramic Dog Bowl, 3 Cups",False,Unclassified,No reliable game match,,11,2026-01-14,2026-01-31,1,2,LPNAC361645606,IAH1,CUSTOMER_DAMAGED,NOT_AS_DESCRIBED,Unit returned to inventory,unsellable_recovery_unknown,,9.74,mbop_fifo,32.97,65.94,65.94,12.04,4.95,6.1,4.95,0,4.95,0.99,0,0,7.09,0,,0,,,7.09,16.83,posted_fees_reconciled,True,True
111-0634512-1758622,1070625076,B01B298Q0S,X004WZUY6P,Teenage Mutant Ninja Turtles: Mutants in Manhattan - Xbox One [Xbox One],True,Xbox One,Title/platform heuristic,,11,2025-12-15,2026-01-31,1,1,LPNPMFF4629542,FTW5,SELLABLE,UNDELIVERABLE_UNKNOWN,Unit returned to inventory,sellable,,,missing,59.62,59.62,59.62,15.87,10.74,3.34,8.94,0,8.94,1.79,0,0,5.13,0,,0,,0,5.13,5.13,posted_fees_reconciled,True,True
111-5922372-2571465,1064186110,B089DFJJGR,X00470RW4R,Madden NFL 21 - PlayStation 4 [PlayStation 4],True,PlayStation 4,Title/platform heuristic,,11,2025-11-30,2026-01-30,1,1,LPNPMFF0236996,HOU3,CUSTOMER_DAMAGED,DEFECTIVE,Unit returned to inventory,unsellable_recovery_unknown,,,missing,10.99,10.99,10.99,7.12,3.45,3.34,1.65,0,1.65,0.33,0,0,3.67,0,,0,,,3.67,,posted_fees_reconciled,True,True
114-9342283-1441848,1066663896,B07X35GXG3,X004E9APPJ,Nighthawk Interactive Disney Classic Games: Aladdin and The Lion King - Nintendo Switch,True,Nintendo Switch,Title/platform heuristic,,11,2025-11-27,2026-01-30,1,1,LPNNA6T4G5K81,CHA1,CUSTOMER_DAMAGED,UNWANTED_ITEM,Unit returned to inventory,unsellable_recovery_unknown,,,missing,33.58,33.58,33.58,11.19,6.84,3.34,5.04,0,5.04,1.01,0,0,4.35,0,,0,,,4.35,,posted_fees_reconciled,True,True
113-9457273-4581068,1068866834,B08PCN2Y3G,X004LYAQR9,Monster Energy Supercross 4 - PlayStation 5 [PlayStation 5],True,PlayStation 5,Title/platform heuristic,,11,2025-12-05,2026-01-29,1,1,LPNAC119831296,IAH1,SELLABLE,UNWANTED_ITEM,Unit returned to inventory,sellable,,13.99,inventorylab_legacy,30.74,30.74,30.74,10.67,6.41,3.34,4.61,0,4.61,0.92,0,0,4.26,0,,0,,0,4.26,4.26,posted_fees_reconciled,True,True
114-6175672-4830616,1058392679,B01N03NM02,X003UAD6P9,"Harmony Good Dog Ceramic Dog Bowl, 1 Cup",False,Unclassified,No reliable game match,,11,2026-01-19,2026-01-29,1,1,LPNNA6GDML51W,CHA1,CUSTOMER_DAMAGED,DAMAGED_BY_FC,Unit returned to inventory,unsellable_recovery_unknown,,5.99,inventorylab_legacy,20.51,20.51,0,,,,,,,,,,,0,,0,,,,,missing_posted_refund,True,True
112-4676161-0269062,1059898575,B09R1T4G9P,X003XH3PHD,Comfortiva Alesha Gold 8.5 M (B),False,Unclassified,No reliable game match,,11,2026-01-01,2026-01-29,1,1,LPNRRJB2736090,BUR7,SELLABLE,APPAREL_TOO_LARGE,Unit returned to inventory,sellable,,29.00,inventorylab_legacy,21.55,21.55,21.55,11.50,3.23,7.62,3.23,0,3.23,0.65,0,0,8.27,0,,0,,0,8.27,8.27,posted_fees_reconciled,True,True
111-4428482-0873804,1051249032,B01N1GRUUC,X003BJR6E1,"Harmony Good Dog Ceramic Dog Bowl, 6 Cups",False,Unclassified,No reliable game match,,11,2026-01-13,2026-01-27,1,1,LPNO484781273,PHX6,CUSTOMER_DAMAGED,DAMAGED_BY_FC,Unit returned to inventory,unsellable_recovery_unknown,,10.99,inventorylab_legacy,34.13,34.13,34.13,13.17,5.12,7.03,5.12,0,5.12,1.02,0,0,8.05,0,,0,,,8.05,19.04,posted_fees_reconciled,True,True
112-7508326-2649056,1068811430,B006ZPAYMI,X004LNJ15N,Kinect Rush: A Disney Pixar Adventure - Xbox 360 [Xbox 360],True,Xbox 360,Title/platform heuristic,,11,2025-12-11,2026-01-26,1,1,LPNO438756959,PHX6,SELLABLE,NOT_COMPATIBLE,Unit returned to inventory,sellable,,22.32,inventorylab_legacy,43.81,43.81,43.81,13.02,8.37,3.34,6.57,0,6.57,1.31,0,0,4.65,0,,0,,0,4.65,4.65,posted_fees_reconciled,True,True
114-1276665-5754663,1070474333,B01GVN0D1U,X004W2LVJR,Resident Evil 7 Biohazard (Xbox One) [Xbox One],True,Xbox One,Title/platform heuristic,,11,2025-11-28,2026-01-18,1,1,LPNRRJE2908983,EWR7,SELLABLE,UNWANTED_ITEM,Unit returned to inventory,sellable,,,missing,32.52,32.52,32.52,11.00,6.68,3.34,4.88,0,4.88,0.98,0,0,4.32,0,,0,,0,4.32,4.32,posted_fees_reconciled,True,True
113-1500948-7944207,1041856993,B00YC7ED0K,X002X61SBF,FIFA 16 - Standard Edition - PlayStation 3 [PlayStation 3],True,PlayStation 3,Title/platform heuristic,,11,2025-11-30,2026-01-18,1,1,LPNRRJE2913856,EWR7,SELLABLE,UNWANTED_ITEM,Unit returned to inventory,sellable,,14.82,inventorylab_legacy,34.27,34.27,34.27,11.31,6.94,3.34,5.14,0,5.14,1.03,0,0,4.37,0,,0,,0,4.37,4.37,posted_fees_reconciled,True,True
114-2021980-4801068,1048220574,B00KLMOY4K,X0036RZFQJ,Plants vs Zombies Garden Warfare(Online Play Required) - PlayStation 4 [PlayStation 4],True,PlayStation 4,Title/platform heuristic,,11,2025-12-09,2026-01-17,1,1,LPNO463405334,IND8,SELLABLE,NOT_AS_DESCRIBED,Unit returned to inventory,sellable,,12.50,inventorylab_legacy,28.95,28.95,28.95,10.35,6.14,3.34,4.34,0,4.34,0.87,0,0,4.21,0,,0,,0,4.21,4.21,posted_fees_reconciled,True,True
114-4305074-4962629,1039988827,B00B98HF1O,X002U1FPYJ,"Lego: Marvel Super Heroes, XBOX 360 [Xbox 360]",True,Xbox 360,Title/platform heuristic,,11,2025-10-17,2026-01-17,1,1,LPNO463456339,IND8,SELLABLE,UNWANTED_ITEM,Unit returned to inventory,sellable,,,missing,26.96,26.96,26.96,9.99,5.84,3.34,4.04,0,4.04,0.81,0,0,4.15,0,,0,,0,4.15,4.15,posted_fees_reconciled,True,True
114-8211192-0497038,1063375943,B00FM5IY4W,X00452YF3X,Forza Motorsport 5 [Xbox One],True,Xbox One,Title/platform heuristic,,11,2025-11-11,2026-01-16,1,1,LPNNL52W342KF,CHA1,CUSTOMER_DAMAGED,NOT_COMPATIBLE,Unit returned to inventory,unsellable_recovery_unknown,,,missing,54.97,54.97,54.97,14.95,10.05,3.25,8.25,0,8.25,1.65,0,0,4.90,0,,0,,,4.90,,posted_fees_reconciled,True,True
112-0388609-8099414,1070280053,B0B8JH4CTN,X004UTB05H,World of Outlaws - Dirt Racing [Xbox Series X],True,Xbox Series X,Title/platform heuristic,,11,2025-11-28,2026-01-14,1,1,LPNO459145014,IND8,SELLABLE,ORDERED_WRONG_ITEM,Unit returned to inventory,sellable,,23.37,inventorylab_legacy,66.77,66.77,66.77,17.16,11.82,3.34,10.02,0,10.02,2.0,0,0,5.34,0,,0,,0,5.34,5.34,posted_fees_reconciled,True,True
112-1860205-6636231,1035764639,B071G5JJDW,X002N2IYKH,Monster Hunter: World - Xbox One Standard Edition [Xbox One],True,Xbox One,Title/platform heuristic,,11,2025-12-29,2026-01-13,1,1,LPNO470042613,IND8,CUSTOMER_DAMAGED,NOT_AS_DESCRIBED,Unit returned to inventory,unsellable_recovery_unknown,,17.97,inventorylab_legacy,37.64,37.64,37.64,11.92,7.45,3.34,5.65,0,5.65,1.13,0,0,4.47,0,,0,,,4.47,22.44,posted_fees_reconciled,True,True
113-8422831-5185868,1069890497,B07D8KZ5NK,X004SC7G6D,Team Sonic Racing - PlayStation 4 [PlayStation 4],True,PlayStation 4,Title/platform heuristic,,11,2025-12-08,2026-01-12,1,1,LPNAC902746057,FAR1,CUSTOMER_DAMAGED,ORDERED_WRONG_ITEM,Unit returned to inventory,unsellable_recovery_unknown,,22.39,inventorylab_legacy,46.80,46.8,46.8,13.56,8.82,3.34,7.02,0,7.02,1.4,0,0,4.74,0,,0,,,4.74,27.13,posted_fees_reconciled,True,True
111-2736284-5569005,1069890493,B0B359B45Q,X004SC7G3B,Little League World Series PS4 [PlayStation 4],True,PlayStation 4,Title/platform heuristic,,NewItem,2025-12-15,2026-01-11,1,1,LPNO501724407,IND8,CUSTOMER_DAMAGED,DEFECTIVE,Unit returned to inventory,unsellable_recovery_unknown,,21.56,mbop_fifo,44.09,44.09,44.01,,,,,,,,,,,0,,0,,,,,principal_difference_review,True,True
111-3504908-3245058,1068811429,B0CGY48TGT,X004LMPASV,EA SPORTS WRC - Xbox Series X [Xbox Series X],True,Xbox Series X,Title/platform heuristic,,11,2025-12-20,2026-01-10,1,1,LPNPMFI1772632,LAS2,SELLABLE,NOT_COMPATIBLE,Unit returned to inventory,sellable,,16.92,inventorylab_legacy,35.91,35.91,35.91,11.61,7.19,3.34,5.39,0,5.39,1.08,0,0,4.42,0,,0,,0,4.42,4.42,posted_fees_reconciled,True,True
111-2262090-2420202,1066663923,B07L6PV2GJ,X004E9APYZ,Katamari Damacy Reroll - Nintendo Switch [Nintendo Switch],True,Nintendo Switch,Title/platform heuristic,,11,2025-11-14,2026-01-10,1,1,LPNAC809538124,PGA1,CUSTOMER_DAMAGED,MISSING_PARTS,Unit returned to inventory,unsellable_recovery_unknown,,,missing,49.82,49.82,49.82,14.01,9.27,3.25,7.47,0,7.47,1.49,0,0,4.74,0,,0,,,4.74,,posted_fees_reconciled,True,True
112-5949006-4761828,1065946902,B01N9QVIRV,X004C506OP,Switch Title 3 - [Nintendo Switch],True,Nintendo Switch,Title/platform heuristic,,11,2025-12-07,2026-01-09,1,1,LPNNI5BWD2B3L,LEX2,SELLABLE,UNWANTED_ITEM,Unit returned to inventory,sellable,,25.02,inventorylab_legacy,48.99,48.99,48.99,13.87,9.15,3.25,7.35,0,7.35,1.47,0,0,4.72,0,,0,,0,4.72,4.72,posted_fees_reconciled,True,True
114-4938135-9816205,1068329375,B00DBF813Y,X004JJ48GL,Final Fantasy XV - Xbox One [Xbox One],True,Xbox One,Title/platform heuristic,,11,2025-12-21,2026-01-08,1,1,LPNO474314395,PHX6,SELLABLE,ORDERED_WRONG_ITEM,Unit returned to inventory,sellable,,13.70,inventorylab_legacy,30.22,30.22,30.22,10.58,6.33,3.34,4.53,0,4.53,0.91,0,0,4.25,0,,0,,0,4.25,4.25,posted_fees_reconciled,True,True
111-5871947-1789851,1068329410,B07HFMJ4R5,X004JJ78EP,Minecraft: Starter Collection - Xbox One [Xbox One],True,Xbox One,Title/platform heuristic,,11,2025-11-19,2026-01-07,1,1,LPNNL5DPX7Q76,CHA1,SELLABLE,NOT_COMPATIBLE,Unit returned to inventory,sellable,,23.49,inventorylab_legacy,39.93,39.93,39.93,12.33,7.79,3.34,5.99,0,5.99,1.2,0,0,4.54,0,,0,,0,4.54,4.54,posted_fees_reconciled,True,True
111-6385485-2463463,1069286282,B0BPPQWQW2,X004OHFNDF,Diablo IV - PlayStation 4 [PlayStation 4],True,PlayStation 4,Title/platform heuristic,,11,2025-12-20,2026-01-07,1,1,LPNAC891265195,PGA1,SELLABLE,UNWANTED_ITEM,Unit returned to inventory,sellable,,,missing,35.45,35.45,35.45,11.52,7.12,3.34,5.32,0,5.32,1.06,0,0,4.40,0,,0,,0,4.40,4.40,posted_fees_reconciled,True,True
113-3334226-3585065,1037691479,B082QL63JB,X002QB0OHV,Fast & Furious Crossroads - Xbox One [Xbox One],True,Xbox One,Title/platform heuristic,,11,2025-12-19,2026-01-06,1,1,LPNNL5Q8KXPQF,CHA1,SELLABLE,ORDERED_WRONG_ITEM,Unit returned to inventory,sellable,,,missing,34.85,34.85,34.85,11.33,7.03,3.25,5.23,0,5.23,1.05,0,0,4.30,0,,0,,0,4.30,4.30,posted_fees_reconciled,True,True
111-3164705-0712221,1068811448,B072MKR1P5,X004LNDXOX,Forza Motorsport 7 - Standard Edition - Xbox One [Xbox One],True,Xbox One,Title/platform heuristic,,11,2025-11-28,2026-01-05,1,1,LPNAC672974923,PGA1,CUSTOMER_DAMAGED,ORDERED_WRONG_ITEM,Unit returned to inventory,unsellable_recovery_unknown,,,missing,78.44,78.44,78.44,19.26,13.57,3.34,11.77,0,11.77,2.35,0,0,5.69,0,,0,,,5.69,,posted_fees_reconciled,True,True
114-6019683-0709823,1033912576,B000TPTCR8,X002JQCP43,Amf Bowling Pinbusters - Nintendo Wii [Nintendo Wii],True,Nintendo Wii,Title/platform heuristic,,11,2025-12-05,2026-01-02,1,1,LPNNK5CTSZL18,CHA1,SELLABLE,ORDERED_WRONG_ITEM,Unit returned to inventory,sellable,,,missing,27.22,27.22,27.22,10.04,5.88,3.34,4.08,0,4.08,0.82,0,0,4.16,0,,0,,0,4.16,4.16,posted_fees_reconciled,True,True
114-3964915-9445024,1031051552,B06XDN21W5,X002EWR8PX,Paradise Treasure Trove Brown White Football Coin Piggy Bank Sports Stitching,False,Unclassified,No reliable game match,,11,2025-12-18,2026-01-02,1,1,LPNO488995525,IND8,CUSTOMER_DAMAGED,NOT_AS_DESCRIBED,Unit returned to inventory,unsellable_recovery_unknown,,,missing,25.99,25.99,25.99,10.92,3.9,6.24,3.9,0,3.9,0.78,0,0,7.02,0,,0,,,7.02,,posted_fees_reconciled,True,True
113-6389021-4649035,1068811427,B0C7PN2L5V,X004PYRWYF,Starfield: Standard Edition - Xbox Series X [Xbox Series X],True,Xbox Series X,Title/platform heuristic,,11,2025-11-25,2025-12-31,1,1,LPNAC181829630,IAH1,SELLABLE,ORDERED_WRONG_ITEM,Unit returned to inventory,amazon_reimbursed,,,missing,53.34,53.34,53.34,14.74,9.8,3.34,8.0,0,8.0,1.6,0,0,4.94,40.20,21153567491,0,,0,-35.26,-35.26,posted_fees_reconciled,True,True
112-8381990-2799468,1048220574,B00KLMOY4K,X0036RZFQJ,Plants vs Zombies Garden Warfare(Online Play Required) - PlayStation 4 [PlayStation 4],True,PlayStation 4,Title/platform heuristic,,11,2025-11-23,2025-12-30,1,1,LPNAC934396664,PGA1,CUSTOMER_DAMAGED,DAMAGED_BY_CARRIER,Unit returned to inventory,unsellable_recovery_unknown,,12.50,inventorylab_legacy,28.11,28.11,0,,,,,,,,,,,0,,0,,,,,missing_posted_refund,True,True
113-9288365-0307457,1048220574,B00KLMOY4K,X0036RZFQJ,Plants vs Zombies Garden Warfare(Online Play Required) - PlayStation 4 [PlayStation 4],True,PlayStation 4,Title/platform heuristic,,11,2025-12-09,2025-12-29,1,1,LPNPMFJ1921349,LAS2,SELLABLE,UNWANTED_ITEM,Unit returned to inventory,sellable,,12.50,inventorylab_legacy,28.95,28.95,28.95,10.35,6.14,3.34,4.34,0,4.34,0.87,0,0,4.21,0,,0,,0,4.21,4.21,posted_fees_reconciled,True,True
114-1715020-5309826,1068811427,B0C7PN2L5V,X004LNHTH5,Starfield: Standard Edition - Xbox Series X [Xbox Series X],True,Xbox Series X,Title/platform heuristic,,11,2025-11-22,2025-12-26,1,1,LPNAC369140911,FAR1,SELLABLE,ORDERED_WRONG_ITEM,Unit returned to inventory,sellable,,,missing,54.65,54.65,54.65,14.98,10.0,3.34,8.2,0,8.2,1.64,0,0,4.98,0,,0,,0,4.98,4.98,posted_fees_reconciled,True,True
114-5290887-3676217,1048220574,B00KLMOY4K,X0036RZFQJ,Plants vs Zombies Garden Warfare(Online Play Required) - PlayStation 4 [PlayStation 4],True,PlayStation 4,Title/platform heuristic,,11,2025-12-11,2025-12-24,1,1,LPNAC625868301,OKC9,CUSTOMER_DAMAGED,FOUND_BETTER_PRICE,Unit returned to inventory,unsellable_recovery_unknown,,12.50,inventorylab_legacy,28.11,28.11,28.11,10.20,6.02,3.34,4.22,0,4.22,0.84,0,0,4.18,0,,0,,,4.18,16.68,posted_fees_reconciled,True,True
113-1600695-3803455,1064901190,B09D643D8F,X0048YS4DZ,Call of Duty: Vanguard [PlayStation 5],True,PlayStation 5,Title/platform heuristic,,11,2025-11-28,2025-12-23,1,1,LPNO457579027,IND8,CUSTOMER_DAMAGED,DAMAGED_BY_FC,Unit returned to inventory,unsellable_recovery_unknown,,,missing,46.62,46.62,46.62,13.53,8.79,3.34,6.99,0,6.99,1.4,0,0,4.74,0,,0,,,4.74,,posted_fees_reconciled,True,True
112-3914914-9962601,1068866835,B0D3P4HV27,X004LYAQS3,Madden NFL 25 - Xbox Series X [Xbox Series X],True,Xbox Series X,Title/platform heuristic,,11,2025-12-01,2025-12-19,1,1,LPNAC653536105,TUL2,SELLABLE,UNDELIVERABLE_UNKNOWN,Unit returned to inventory,sellable,,,missing,24.54,24.54,24.54,9.56,5.48,3.34,3.68,0,3.68,0.74,0,0,4.08,0,,0,,0,4.08,4.08,posted_fees_reconciled,True,True
113-0833040-0904238,1031051552,B06XDN21W5,X002EWR8PX,Paradise Treasure Trove Brown White Football Coin Piggy Bank Sports Stitching,False,Unclassified,No reliable game match,,11,2025-12-02,2025-12-15,1,1,LPNAC344286713,PGA1,CUSTOMER_DAMAGED,UNWANTED_ITEM,Unit returned to inventory,unsellable_recovery_unknown,,,missing,25.99,25.99,25.99,10.92,3.9,6.24,3.9,0,3.9,0.78,0,0,7.02,0,,0,,,7.02,,posted_fees_reconciled,True,True
114-2208348-7809069,1068329365,B08NMQNSX3,X004JJ5ZB3,Madden NFL 21 Next Level Edition - PlayStation 5 [PlayStation 5],True,PlayStation 5,Title/platform heuristic,,11,2025-11-18,2025-12-15,1,1,LPNO468486406,PHX6,SELLABLE,ORDERED_WRONG_ITEM,Unit returned to inventory,sellable,,,missing,17.89,17.89,17.89,8.36,4.48,3.34,2.68,0,2.68,0.54,0,0,3.88,0,,0,,0,3.88,3.88,posted_fees_reconciled,True,True
112-0311170-9966650,1058619759,B00DND7H9S,X003UR5LKZ,Sound Percussion Labs Hickory Drumsticks 4-Pack 5B Nylon,False,Unclassified,No reliable game match,,NewItem,2025-10-30,2025-12-15,1,3,LPNO466829322,PHX6,SELLABLE,SWITCHEROO,Unit returned to inventory,sellable,,15.00333333333333333333333333,mbop_fifo,15.99,47.97,15.99,,,,,,,,,,,0,,0,,0,,,partial_quantity_no_original_fee_allocation;principal_difference_review,True,True
114-7028916-7436205,1068811463,B0BDT4CQJD,X004LNINWP,Fortnite - Anime Legends- PlayStation 4 [PlayStation 4],True,PlayStation 4,Title/platform heuristic,,11,2025-11-25,2025-12-14,1,1,LPNO452986927,IND8,CUSTOMER_DAMAGED,UNWANTED_ITEM,Unit returned to inventory,unsellable_recovery_unknown,,29.74,inventorylab_legacy,52.47,52.47,52.47,14.58,9.67,3.34,7.87,0,7.87,1.57,0,0,4.91,0,,0,,,4.91,34.65,posted_fees_reconciled,True,True
114-6265657-7353034,1065946902,B01N9QVIRV,X004C506OP,Switch Title 3 - [Nintendo Switch],True,Nintendo Switch,Title/platform heuristic,,11,2025-11-24,2025-12-10,1,1,LPNAC227739647,IAH1,SELLABLE,FOUND_BETTER_PRICE,Unit returned to inventory,sellable,,25.02,inventorylab_legacy,46.99,46.99,46.99,13.51,8.85,3.25,7.05,0,7.05,1.41,0,0,4.66,0,,0,,0,4.66,4.66,posted_fees_reconciled,True,True
112-5474901-3914666,1062959209,B09K2FBZDX,X00449KCLV,"Columbia Women's Facet Sierra Outdry, Black/Black, 8",False,Unclassified,No reliable game match,,NewItem,2025-11-25,2025-12-08,1,1,LPNPMEC1332307,PDK2,SELLABLE,APPAREL_TOO_SMALL,Unit returned to inventory,sellable,,,missing,88.94,88.94,88.94,24.27,13.34,8.26,13.34,0,13.34,2.67,0,0,10.93,0,,0,,0,10.93,10.93,posted_fees_reconciled,True,True
111-2957385-2737019,1052907525,B01N54QSH6,X003EPODEN,"Harmony Good Dog Ceramic Dog Bowl, 3 Cups",False,Unclassified,No reliable game match,,11,2025-11-26,2025-12-04,1,1,LPNO447906232,PHX6,SELLABLE,DEFECTIVE,Unit returned to inventory,sellable,,,missing,36.27,36.27,36.27,12.63,5.44,6.1,5.44,0,5.44,1.09,0,0,7.19,0,,0,,0,7.19,7.19,posted_fees_reconciled,True,True
111-0671223-9025812,1068329365,B08NMQNSX3,X004JJ5ZB3,Madden NFL 21 Next Level Edition - PlayStation 5 [PlayStation 5],True,PlayStation 5,Title/platform heuristic,,11,2025-11-17,2025-12-03,1,1,LPNNC5X9146FT,LEX1,SELLABLE,NO_REASON_GIVEN,Unit returned to inventory,sellable,,,missing,17.89,17.89,17.89,8.36,4.48,3.34,2.68,0,2.68,0.54,0,0,3.88,0,,0,,0,3.88,3.88,posted_fees_reconciled,True,True
113-6510413-6393016,1065749622,B0BPYW4DDB,X004BKV82F,Rustic Pistol Table Lamp - Realistic Novelty Outdoor Lamp - Tabletop Lantern w/ Brushed Black Finish & Gold Detailing - Gun Decorations for Man Cave - Outdoor Torches for Desk Accessories and Decor,False,Unclassified,No reliable game match,,11,2025-11-11,2025-11-30,1,1,LPNAC720791601,PGA1,CUSTOMER_DAMAGED,MISSING_PARTS,Unit returned to inventory,unsellable_recovery_unknown,,19.99,mbop_fifo,39.73,39.73,0,,,,,,,,,,,0,,0,,,,,missing_posted_refund,True,True
111-7970502-3249805,1069286280,B0B3GHCTQB,X004OHFNFX,Call of Duty: Modern Warfare II - PlayStation 4 [PlayStation 4],True,PlayStation 4,Title/platform heuristic,,11,2025-10-24,2025-11-29,1,1,LPNO448357035,IND8,CUSTOMER_DAMAGED,NOT_COMPATIBLE,Unit returned to inventory,unsellable_recovery_unknown,,,missing,45.05,45.05,45.05,13.25,8.56,3.34,6.76,0,6.76,1.35,0,0,4.69,0,,0,,,4.69,,posted_fees_reconciled,True,True
111-4640342-9796219,1045151360,B00ZPT59YS,X0032AG889,Sea of Thieves: Standard Edition - Xbox One [Xbox One],True,Xbox One,Title/platform heuristic,,11,2025-10-24,2025-11-28,1,1,LPNPMFA8562305,LAS2,CUSTOMER_DAMAGED,DEFECTIVE,Unit returned to inventory,unsellable_recovery_unknown,,,missing,42.96,42.96,42.96,12.87,8.24,3.34,6.44,0,6.44,1.29,0,0,4.63,0,,0,,,4.63,,posted_fees_reconciled,True,True
112-2543466-8864217,1052907525,B01N54QSH6,X003EPODEN,"Harmony Good Dog Ceramic Dog Bowl, 3 Cups",False,Unclassified,No reliable game match,,11,2025-11-07,2025-11-27,1,1,LPNPMFE0209327,LAS2,CUSTOMER_DAMAGED,NOT_AS_DESCRIBED,Unit returned to inventory,unsellable_recovery_unknown,,,missing,34.94,34.94,34.94,12.39,5.24,6.1,5.24,0,5.24,1.05,0,0,7.15,0,,0,,,7.15,,posted_fees_reconciled,True,True
113-7938203-1598668,1068329410,B07HFMJ4R5,X004JJ78EP,Minecraft: Starter Collection - Xbox One [Xbox One],True,Xbox One,Title/platform heuristic,,11,2025-10-13,2025-11-23,1,1,LPNAC752146858,PGA1,SELLABLE,ORDERED_WRONG_ITEM,Unit returned to inventory,sellable,,23.49,inventorylab_legacy,39.50,39.5,39.5,12.26,7.73,3.34,5.93,0,5.93,1.19,0,0,4.53,0,,0,,0,4.53,4.53,posted_fees_reconciled,True,True
113-8318160-5104263,1065749622,B0BPYW4DDB,X004BKV82F,Rustic Pistol Table Lamp - Realistic Novelty Outdoor Lamp - Tabletop Lantern w/ Brushed Black Finish & Gold Detailing - Gun Decorations for Man Cave - Outdoor Torches for Desk Accessories and Decor,False,Unclassified,No reliable game match,,11,2025-11-06,2025-11-20,1,1,LPNNH5HTQ1Z94,CHA1,DEFECTIVE,DEFECTIVE,Unit returned to inventory,unsellable_recovery_unknown,,,missing,39.73,39.73,39.73,14.93,5.96,7.78,5.96,0,5.96,1.19,0,0,8.97,0,,0,,,8.97,,posted_fees_reconciled,True,True
112-4684184-7172250,1041418871,B07DDD9CPN,X002WHVZKT,Just Dance 2019 - Wii Standard Edition [Nintendo Wii],True,Nintendo Wii,Title/platform heuristic,,11,2025-11-06,2025-11-19,1,1,LPNNH5BRDLJMB,LEX1,SELLABLE,UNWANTED_ITEM,Unit returned to inventory,sellable,,27.80,inventorylab_legacy,49.69,49.69,49.69,14.08,9.25,3.34,7.45,0,7.45,1.49,0,0,4.83,0,,0,,0,4.83,4.83,posted_fees_reconciled,True,True
111-1861375-3671433,1058392679,B01N03NM02,X003UAD6P9,"Harmony Good Dog Ceramic Dog Bowl, 1 Cup",False,Unclassified,No reliable game match,,11,2025-10-28,2025-11-15,1,1,LPNPMFA3513870,LAS2,CUSTOMER_DAMAGED,ORDERED_WRONG_ITEM,Unit returned to inventory,unsellable_recovery_unknown,,5.99,inventorylab_legacy,19.79,19.79,19.79,8.40,2.97,4.84,2.97,0,2.97,0.59,0,0,5.43,0,,0,,,5.43,11.42,posted_fees_reconciled,True,True
114-8751617-8333844,1051249032,B01N1GRUUC,X003BJR6E1,"Harmony Good Dog Ceramic Dog Bowl, 6 Cups",False,Unclassified,No reliable game match,,11,2025-10-22,2025-11-12,1,1,LPNNI55KW1THW,MEM3,SELLABLE,UNWANTED_ITEM,Unit returned to inventory,sellable,,10.99,inventorylab_legacy,34.13,34.13,34.13,13.17,5.12,7.03,5.12,0,5.12,1.02,0,0,8.05,0,,0,,0,8.05,8.05,posted_fees_reconciled,True,True
111-3653818-4585827,1058392679,B01N03NM02,X003UAD6P9,"Harmony Good Dog Ceramic Dog Bowl, 1 Cup",False,Unclassified,No reliable game match,,11,2025-10-04,2025-11-11,1,1,LPNPMFD5090647,LAS2,SELLABLE,FOUND_BETTER_PRICE,Unit returned to inventory,sellable,,5.99,inventorylab_legacy,24.26,24.26,24.26,10.14,3.64,5.77,3.64,0,3.64,0.73,0,0,6.50,0,,0,,0,6.50,6.50,posted_fees_reconciled,True,True
114-6711696-3537036,1070280052,B07RP42TMG,X004UTCLLJ,Tom Clancy's Ghost Recon Breakpoint - Xbox One [Xbox One],True,Xbox One,Title/platform heuristic,,11,2025-10-23,2025-11-06,1,1,LPNO439782722,IND8,SELLABLE,ORDERED_WRONG_ITEM,Unit returned to inventory,sellable,,,missing,21.38,21.38,21.38,8.99,5.01,3.34,3.21,0,3.21,0.64,0,0,3.98,0,,0,,0,3.98,3.98,posted_fees_reconciled,True,True
114-8758235-2013009,1063162591,B0B9XFCXSG,X0044NDE7V,Taos Footwear Women's Captain Brown Boot 11-11.5 (M) US,False,Unclassified,No reliable game match,,NewItem,2025-10-05,2025-11-05,1,1,LPNNH5H55PBFM,LUK7,SELLABLE,APPAREL_TOO_SMALL,Unit returned to inventory,sellable,,,missing,139.99,139.99,139.99,32.6,21.0,7.4,21.0,0,21.0,4.2,0,0,11.6,0,,0,,0,11.6,11.6,posted_fees_reconciled,True,True
112-3508337-8538620,1063375943,B00FM5IY4W,X00452YF3X,Forza Motorsport 5 [Xbox One],True,Xbox One,Title/platform heuristic,,11,2025-10-08,2025-11-01,1,1,LPNO441209939,IND8,SELLABLE,ORDERED_WRONG_ITEM,Unit returned to inventory,sellable,,,missing,54.95,54.95,54.95,14.75,10.04,3.06,8.24,0,8.24,1.65,0,0,4.71,0,,0,,0,4.71,4.71,posted_fees_reconciled,True,True
114-8500356-2388244,1051249032,B01N1GRUUC,X003BJR6E1,"Harmony Good Dog Ceramic Dog Bowl, 6 Cups",False,Unclassified,No reliable game match,,11,2025-10-17,2025-11-01,1,1,LPNPMEV4788650,HOU3,CUSTOMER_DAMAGED,APPAREL_TOO_LARGE,Unit returned to inventory,unsellable_recovery_unknown,,10.99,inventorylab_legacy,33.65,33.65,33.65,13.09,5.05,7.03,5.05,0,5.05,1.01,0,0,8.04,0,,0,,,8.04,19.03,posted_fees_reconciled,True,True
113-5606418-7407430,1030912249,B016KAKD7S,X002EOTBBF,"18"" Bendable Muslin DollNew by: CC",False,Unclassified,No reliable game match,,11,2025-10-02,2025-10-29,1,6,LPNAC543955496,PGA1,CUSTOMER_DAMAGED,ORDERED_WRONG_ITEM,Unit returned to inventory,unsellable_recovery_unknown,,8.99,inventorylab_legacy,23.40,140.4,23.4,,,,,,,,,,,0,,0,,,,,partial_quantity_no_original_fee_allocation;principal_difference_review,True,True
112-1380180-3051411,1048894668,B01AC3ZD06,X0037THN4N,Nintendo Selects: Super Mario 3D World - Wii U Standard Edition [Nintendo Wii U],True,Nintendo Wii U,Title/platform heuristic,,11,2025-10-09,2025-10-27,1,1,LPNNH5TYV339H,CHA1,CUSTOMER_DAMAGED,DEFECTIVE,Unit returned to inventory,unsellable_recovery_unknown,,,missing,45.06,45.06,45.06,13.06,8.56,3.15,6.76,0,6.76,1.35,0,0,4.50,0,,0,,,4.50,,posted_fees_reconciled,True,True
111-1119433-0789004,1045692341,B014N4RTS4,X0032ZVHWV,YO-KAI WATCH - 3DS [Nintendo 3DS],True,Nintendo 3DS,Title/platform heuristic,,11,2025-10-14,2025-10-26,1,1,LPNRRJC0025559,EWR7,SELLABLE,ORDERED_WRONG_ITEM,Unit returned to inventory,sellable,,,missing,49.97,49.97,49.97,14.14,9.3,3.34,7.5,0,7.5,1.5,0,0,4.84,0,,0,,0,4.84,4.84,posted_fees_reconciled,True,True
114-8599152-0077830,1068329410,B07HFMJ4R5,X004JJ78EP,Minecraft: Starter Collection - Xbox One [Xbox One],True,Xbox One,Title/platform heuristic,,11,2025-10-11,2025-10-20,1,1,LPNAC616775842,PGA1,CUSTOMER_DAMAGED,DEFECTIVE,Unit returned to inventory,unsellable_recovery_unknown,,23.49,inventorylab_legacy,39.73,39.73,39.73,12.10,7.76,3.15,5.96,0,5.96,1.19,0,0,4.34,0,,0,,,4.34,27.83,posted_fees_reconciled,True,True
111-8286549-0989868,1051249032,B01N1GRUUC,X003BJR6E1,"Harmony Good Dog Ceramic Dog Bowl, 6 Cups",False,Unclassified,No reliable game match,,11,2025-10-05,2025-10-19,1,1,LPNPMBA7693334,LAS2,CUSTOMER_DAMAGED,ORDERED_WRONG_ITEM,Unit returned to inventory,unsellable_recovery_unknown,,10.99,inventorylab_legacy,34.24,34.24,34.24,12.79,5.14,6.62,5.14,0,5.14,1.03,0,0,7.65,0,,0,,,7.65,18.64,posted_fees_reconciled,True,True
111-7044045-4809864,1061145216,B07YFF2KWG,X00400MY3D,The Sims 4 Plus Island Living Bundle - PlayStation 4 [PlayStation 4],True,PlayStation 4,Title/platform heuristic,,11,2025-09-29,2025-10-15,1,1,LPNAC069088780,LEX2,SELLABLE,UNWANTED_ITEM,Unit returned to inventory,sellable,,,missing,41.51,41.51,41.51,12.43,8.03,3.15,6.23,0,6.23,1.25,0,0,4.40,0,,0,,0,4.40,4.40,posted_fees_reconciled,True,True
112-0301794-5322649,1052907525,B01N54QSH6,X003EPODEN,"Harmony Good Dog Ceramic Dog Bowl, 3 Cups",False,Unclassified,No reliable game match,,11,2025-09-26,2025-10-12,1,1,LPNPMDR4081553,PHX6,CUSTOMER_DAMAGED,DAMAGED_BY_CARRIER,Unit returned to inventory,unsellable_recovery_unknown,,,missing,37.43,37.43,37.43,12.50,5.61,5.77,5.61,0,5.61,1.12,0,0,6.89,0,,0,,,6.89,,posted_fees_reconciled,True,True
111-8220864-7360221,1068811444,B0C9VW1KGR,X004LNHLY1,EA SPORTS FC 24 - Nintendo Switch [Nintendo Switch],True,Nintendo Switch,Title/platform heuristic,,11,2025-09-28,2025-10-10,1,1,LPNNG5S7NY5NX,MEM3,SELLABLE,UNWANTED_ITEM,Unit returned to inventory,sellable,,,missing,40.73,40.73,40.73,12.19,7.91,3.06,6.11,0,6.11,1.22,0,0,4.28,0,,0,,0,4.28,4.28,posted_fees_reconciled,True,True
112-1985032-3852235,1058392679,B01N03NM02,X003UAD6P9,"Harmony Good Dog Ceramic Dog Bowl, 1 Cup",False,Unclassified,No reliable game match,,11,2025-09-17,2025-10-06,1,1,LPNNH5VQZS7TX,MEM3,SELLABLE,APPAREL_TOO_SMALL,Unit returned to inventory,sellable,,5.99,inventorylab_legacy,24.42,24.42,24.42,10.16,3.66,5.77,3.66,0,3.66,0.73,0,0,6.50,0,,0,,0,6.50,6.50,posted_fees_reconciled,True,True
113-6700250-2335433,1063162578,B0B6SMNLQ8,X0044NDDDV,Taos Footwear Women's Starline Blue Sneaker 8 W,False,Unclassified,No reliable game match,,NewItem,2025-09-24,2025-10-05,1,1,LPNNE5DWBSFBN,SDF9,SELLABLE,APPAREL_TOO_LARGE,Unit returned to inventory,sellable,,,missing,37.27,37.27,37.27,13.71,5.59,7.0,5.59,0,5.59,1.12,0,0,8.12,0,,0,,0,8.12,8.12,posted_fees_reconciled,True,True
112-0746183-7085059,1063376019,B00503E9UO,X00452YYBL,Call of Duty: Modern Warfare 3 - Nintendo Wii [Nintendo Wii],True,Nintendo Wii,Title/platform heuristic,,11,2025-09-18,2025-09-29,1,1,LPNAC006182404,LEX2,CUSTOMER_DAMAGED,DEFECTIVE,Unit returned to inventory,unsellable_recovery_unknown,,13.73,inventorylab_legacy,28.63,28.63,28.63,10.10,6.09,3.15,4.29,0,4.29,0.86,0,0,4.01,0,,0,,,4.01,17.74,posted_fees_reconciled,True,True
112-9172949-2457810,1061145216,B07YFF2KWG,X00400MY3D,The Sims 4 Plus Island Living Bundle - PlayStation 4 [PlayStation 4],True,PlayStation 4,Title/platform heuristic,,11,2025-08-27,2025-09-23,1,1,LPNAC986829209,EWR9,SELLABLE,UNDELIVERABLE_UNKNOWN,Unit returned to inventory,sellable,,,missing,49.11,49.11,49.11,13.79,9.17,3.15,7.37,0,7.37,1.47,0,0,4.62,0,,0,,0,4.62,4.62,posted_fees_reconciled,False,True
111-4013882-7942665,1068329410,B07HFMJ4R5,X004JJ78EP,Minecraft: Starter Collection - Xbox One [Xbox One],True,Xbox One,Title/platform heuristic,,11,2025-08-24,2025-09-19,1,1,LPNAC628123134,IAH1,CUSTOMER_DAMAGED,DEFECTIVE,Unit returned to inventory,unsellable_recovery_unknown,,23.49,inventorylab_legacy,37.67,37.67,37.67,11.73,7.45,3.15,5.65,0,5.65,1.13,0,0,4.28,0,,0,,,4.28,27.77,posted_fees_reconciled,False,True
114-0447408-6785807,1052907525,B01N54QSH6,X003EPODEN,"Harmony Good Dog Ceramic Dog Bowl, 3 Cups",False,Unclassified,No reliable game match,,11,2025-08-29,2025-09-19,1,1,LPNNG584KFTWY,LEX1,SELLABLE,NOT_AS_DESCRIBED,Unit returned to inventory,sellable,,,missing,37.93,37.93,37.93,12.60,5.69,5.77,5.69,0,5.69,1.14,0,0,6.91,0,,0,,0,6.91,6.91,posted_fees_reconciled,False,True
114-2383470-3392237,1069890500,B09ZZ9L123,X004SCH1A9,Gotham Knights Deluxe Edition - PlayStation 5 [PlayStation 5],True,PlayStation 5,Title/platform heuristic,,11,2025-08-20,2025-09-19,1,1,LPNAC206661326,IAH1,SELLABLE,UNWANTED_ITEM,Unit returned to inventory,sellable,,24.99,mbop_fifo,49.99,49.99,49.99,15.25,7.5,3.15,7.5,0,7.5,1.5,0,0,7.75,0,,0,,0,7.75,7.75,posted_fees_reconciled,False,True
114-6640619-1201846,1052907525,B01N54QSH6,X003EPODEN,"Harmony Good Dog Ceramic Dog Bowl, 3 Cups",False,Unclassified,No reliable game match,,11,2025-08-21,2025-09-19,1,1,LPNAC897375986,PGA1,CUSTOMER_DAMAGED,UNWANTED_ITEM,Unit returned to inventory,unsellable_recovery_unknown,,,missing,37.93,37.93,37.93,12.60,5.69,5.77,5.69,0,5.69,1.14,0,0,6.91,0,,0,,,6.91,,posted_fees_reconciled,False,True
114-8010846-9860240,1066393107,B08X2FS1TV,X004DJJYA7,"Magicsuit Women's Peace Out Aubrey High Neck Soft Cup One Piece Swimsuit, Black/Multi, 10",False,Unclassified,No reliable game match,,11,2025-08-27,2025-09-18,1,1,LPNRRJA2929735,BDU2,CUSTOMER_DAMAGED,APPAREL_STYLE,Unit returned to inventory,unsellable_recovery_unknown,,,missing,47.36,47.36,47.36,16.47,8.05,6.81,8.05,0,8.05,1.61,0,0,8.42,0,,0,,,8.42,,posted_fees_reconciled,False,True
113-5786079-5950647,1063162578,B0B6SMNLQ8,X0044NDDDV,Taos Footwear Women's Starline Blue Sneaker 8 W,False,Unclassified,No reliable game match,,NewItem,2025-07-26,2025-09-09,1,1,LPNO408913381,PHX6,SELLABLE,APPAREL_TOO_SMALL,Unit returned to inventory,sellable,,,missing,39.99,39.99,39.99,14.2,6,7,6,0,6,1.2,0,0,8.2,0,,0,,0,8.2,8.2,posted_fees_reconciled,False,True
112-9740624-6405817,1069261942,B0CHN2DVSX,X004OAYD5B,Hobby Lobby Fudge Brownie Candle Tin,False,Unclassified,No reliable game match,,11,2025-08-24,2025-09-04,1,1,LPNPMCZ4125200,DTW1,SELLABLE,UNDELIVERABLE_UNKNOWN,Unit returned to inventory,sellable,,8.99,inventorylab_legacy,21.18,21.18,21.18,8.37,3.18,4.55,3.18,0,3.18,0.64,0,0,5.19,0,,0,,0,5.19,5.19,posted_fees_reconciled,False,True
111-5315317-5904218,1068811450,B000L422L0,X004LNE55J,Brooktown High: Senior Year - Sony PSP [Sony PSP],True,PSP,Title/platform heuristic,,11,2025-08-06,2025-09-04,1,1,LPNO401573153,PHX6,SELLABLE,FOUND_BETTER_PRICE,Unit returned to inventory,sellable,,5.10,inventorylab_legacy,19.99,19.99,19.99,8.55,4.8,3.15,3,0,3,0.6,0,0,3.75,0,,0,,0,3.75,3.75,posted_fees_reconciled,False,True
