asin,age_tier,cost,unit_assessments,months
B07KN77NXY,456+,17.50,50,4
B07KN77NXY,366-455,17.10,57,4
B000L422L0,366-455,5.69,19,1
B0748VH8ZF,366-455,4.20,14,2
B01EZA0D8O,366-455,3.60,12,2
B08JHP4Q7Y,366-455,3.60,14,5
B0CGY48TGT,366-455,2.40,8,3
B097PJX3Z9,456+,2.10,6,3
B0BRNY8987,366-455,1.80,6,3
B07KN77NXY,331-365,1.60,24,2
B08JHP4Q7Y,456+,1.40,4,2
B07KN77NXY,271-300,1.36,22,1
B000L422L0,301-330,1.34,23,2
B07KN77NXY,301-330,1.30,20,1
B000L422L0,331-365,1.30,22,2
B000L422L0,271-300,1.26,24,2
B00ZS80PC2,366-455,1.20,4,2
B0748VH8ZF,331-365,1.10,14,2
B0748VH8ZF,271-300,1.07,15,3
B01EZA0D8O,271-300,1.02,17,4
B097PJX3Z9,365+,0.90,6,3
B071JCYKK4,366-455,0.90,3,3
B01EZA0D8O,331-365,0.80,12,4
B0CGY48TGT,456+,0.70,2,2
B01EZA0D8O,301-330,0.63,10,2
B089DFJJGR,271-300,0.60,9,1
B075MSL3BV,271-300,0.60,10,2
B00XWQZPQ8,366-455,0.60,2,2
B002I0JGDM,366-455,0.60,2,2
B0BSJZQK5L,366-455,0.60,2,1
B098Y94S29,271-300,0.54,7,1
B07RQ33XDG,271-300,0.48,6,2
B08JHP4Q7Y,331-365,0.42,8,4
B08JHP4Q7Y,271-300,0.40,6,3
B0BSJZQK5L,331-365,0.35,5,3
B075MSL3BV,331-365,0.35,5,1
B07KN77NXY,241-270,0.31,18,1
B000L422L0,241-270,0.31,24,2
B01M2UALEJ,366-455,0.30,1,1
B08GR4GNRK,366-455,0.30,1,1
B00ZS80PC2,271-300,0.28,4,2
B08JHP4Q7Y,301-330,0.28,5,3
B08J4P22MF,331-365,0.28,4,2
B07KN77NXY,211-240,0.27,22,2
B000L422L0,211-240,0.25,25,2
B07RQ33XDG,301-330,0.25,3,2
B096WVJ9Q4,271-300,0.24,3,1
B08NMQNSX3,271-300,0.24,3,1
B003OZZJGS,271-300,0.24,3,2
B0CGY48TGT,271-300,0.24,3,1
B003OZZJGS,301-330,0.24,3,2
B0CGY48TGT,301-330,0.24,3,1
B071G5JJDW,271-300,0.24,4,2
B0CGY48TGT,331-365,0.24,3,1
B071G5JJDW,331-365,0.24,4,2
B00BSELY9I,271-300,0.24,4,1
B01EZA0D8O,241-270,0.23,13,3
B0BRNY8987,331-365,0.23,4,2
B0748VH8ZF,241-270,0.22,11,2
B0BRNY8987,271-300,0.22,4,2
B097PJX3Z9,301-330,0.21,4,1
B097PJX3Z9,331-365,0.21,4,2
B00XWQZPQ8,331-365,0.21,3,3
B08GR4GNRK,331-365,0.21,3,3
B096WVJ9Q4,211-240,0.20,15,2
B0BSJZQK5L,301-330,0.20,3,2
B0BSJZQK5L,271-300,0.19,3,2
B00XWQZPQ8,271-300,0.18,3,3
B082QL63JB,271-300,0.18,3,1
B00KTNU40E,271-300,0.18,3,2
B07RQ33XDG,331-365,0.18,2,2
B098Y94S29,241-270,0.16,8,1
B000L422L0,181-210,0.16,25,2
B0748VH8ZF,301-330,0.16,2,1
B098Y94S29,211-240,0.15,11,3
B00005QI53,365+,0.15,1,1
B089DFJJGR,241-270,0.15,8,1
B00ZS80PC2,331-365,0.15,2,1
B0CGY48TGT,241-270,0.14,7,2
B00ZS80PC2,301-330,0.14,2,1
B08J4P22MF,301-330,0.14,2,1
B07RQ33XDG,241-270,0.14,7,2
B09RRHYD97,271-300,0.12,2,1
B096WVGQMJ,271-300,0.12,2,1
B082QL63JB,241-270,0.12,6,1
B08GR4GNRK,271-300,0.12,2,2
B08J4P22MF,271-300,0.12,2,1
B082QL63JB,301-330,0.12,2,1
B07RQ33XDG,211-240,0.12,8,2
B089DFJJGR,211-240,0.11,9,2
B01EZA0D8O,211-240,0.11,11,3
B0CGY48TGT,211-240,0.11,9,3
B075MSL3BV,241-270,0.11,6,2
B01AC3ZD06,211-240,0.11,9,1
B08NMQNSX3,211-240,0.10,8,3
B09RRHYD97,241-270,0.10,5,2
B0CGY48TGT,181-210,0.10,10,3
B07DDD9CPN,181-210,0.10,10,2
B07YZ4QVZY,211-240,0.10,8,2
B096WVJ9Q4,181-210,0.09,12,1
B08JHP4Q7Y,241-270,0.09,6,3
B07YZ4QVZY,181-210,0.09,9,2
B082QL63JB,181-210,0.08,9,3
B082QL63JB,211-240,0.08,8,2
B0BPPQWQW2,211-240,0.08,7,1
B00ZS80PC2,241-270,0.08,4,2
B09FCXXGT5,241-270,0.08,8,1
B0748VH8ZF,181-210,0.08,11,2
B002I0JGDM,271-300,0.08,1,1
B09FCXXGT5,271-300,0.08,2,1
B003OZZJGS,331-365,0.08,1,1
B002I0JGDM,301-330,0.08,1,1
B0088I8M10,301-330,0.08,1,1
B07RQ33XDG,181-210,0.08,9,2
B0088I8M10,331-365,0.08,1,1
B002I0JGDM,331-365,0.08,1,1
B00ZE360GG,271-300,0.08,1,1
B07YZ4QVZY,241-270,0.08,4,1
B00BSELY9I,241-270,0.08,4,1
B08NMQNSX3,181-210,0.07,7,3
B00ZS80PC2,211-240,0.07,6,3
B09FCXXGT5,211-240,0.07,8,1
B0088I8M10,271-300,0.07,1,1
B00XWQZPQ8,301-330,0.07,1,1
B08GR4GNRK,301-330,0.07,1,1
B082QL63JB,331-365,0.07,1,1
B071JCYKK4,331-365,0.07,1,1
B01J4PHT3C,271-300,0.07,1,1
B07YZ4QVZY,271-300,0.07,1,1
B00503E9UO,301-330,0.07,1,1
B01EZA0D8O,181-210,0.06,7,3
B00BSELY9I,331-365,0.06,1,1
B09RRHYD97,211-240,0.06,6,3
B096WVGQMJ,211-240,0.06,6,2
B096WVJ9Q4,241-270,0.06,3,1
B07XGW61PX,211-240,0.06,5,2
B00ZS80PC2,181-210,0.06,6,3
B08JHP4Q7Y,181-210,0.06,6,3
B075MSL3BV,181-210,0.06,8,3
B003OZZJGS,241-270,0.06,3,2
B0BPPQWQW2,181-210,0.06,7,1
B0009WPZPY,181-210,0.06,6,1
B08JHP4Q7Y,211-240,0.06,6,3
B09RRHYD97,301-330,0.06,1,1
B0BSJZQK5L,241-270,0.06,3,2
B01M2UALEJ,271-300,0.06,1,1
B071JCYKK4,271-300,0.06,1,1
B01M2UALEJ,301-330,0.06,1,1
B071JCYKK4,301-330,0.06,1,1
B01AC3ZD06,181-210,0.06,9,1
B01M2UALEJ,331-365,0.06,1,1
B00KTNU40E,241-270,0.06,3,2
B01J4PHT3C,241-270,0.06,3,1
B01JYW2EXA,271-300,0.06,1,1
B075QLXC7C,271-300,0.06,1,1
B01JYW2EXA,301-330,0.06,1,1
B00KTNU40E,301-330,0.06,1,1
B071G5JJDW,241-270,0.05,3,2
B08XY46X8V,211-240,0.05,5,1
B09RRHYD97,181-210,0.04,4,2
B08NMQNSX3,241-270,0.04,2,1
B08PCN2Y3G,181-210,0.04,4,2
B0BSNX28Y4,181-210,0.04,5,1
B08PCN2Y3G,211-240,0.04,2,1
B0BSNX28Y4,211-240,0.04,4,1
B00XWQZPQ8,241-270,0.04,2,2
B08GR4GNRK,241-270,0.04,2,2
B07B9XCN31,271-300,0.04,1,1
B00CX6XKK6,181-210,0.04,5,3
B0BP5CKT2F,241-270,0.04,2,1
B00CX6XKK6,241-270,0.04,2,1
B0026FCARI,181-210,0.04,6,3
B00BSELY9I,211-240,0.04,4,1
B0026FCARI,211-240,0.04,3,2
B0058SHNF4,211-240,0.04,4,1
B0000C0YW2,211-240,0.04,1,1
B09NZBP951,211-240,0.04,3,1
B0026FCARI,241-270,0.04,2,1
B07XGW61PX,181-210,0.03,5,2
B096WVGQMJ,241-270,0.03,2,1
B096WVGQMJ,181-210,0.03,4,1
B003OZZJGS,211-240,0.03,3,2
B075MSL3BV,211-240,0.03,3,2
B0BSJZQK5L,211-240,0.03,3,2
B0009WPZPY,211-240,0.03,3,1
B0BRNY8987,241-270,0.03,2,1
B08J4P22MF,241-270,0.03,2,1
B00CX6XKK6,211-240,0.03,3,1
B00KTNU40E,181-210,0.03,4,2
B0748VH8ZF,211-240,0.03,2,1
B01J4PHT3C,211-240,0.03,3,1
B00BSELY9I,181-210,0.03,4,1
B08XY46X8V,181-210,0.03,5,1
B0030GBU2I,181-210,0.03,5,1
B000FII8KQ,211-240,0.03,2,1
B001OC6D9U,181-210,0.03,3,1
B003VJO0OY,211-240,0.03,2,1
B00BMRR666,211-240,0.03,2,1
B000930DQ4,241-270,0.03,1,1
B098V87FNX,211-240,0.03,2,1
B017W16ZNA,211-240,0.03,4,1
B001CLG6RM,181-210,0.03,3,1
B098Y94S29,181-210,0.02,3,2
B071JCYKK4,211-240,0.02,2,2
B07KN77NXY,181-210,0.02,4,1
B003OZZJGS,181-210,0.02,3,2
B00XWQZPQ8,181-210,0.02,2,2
B01HIZGKOE,241-270,0.02,1,1
B0088I8M10,181-210,0.02,3,3
B071G5JJDW,181-210,0.02,3,2
B07XGW61PX,241-270,0.02,1,1
B0BSJZQK5L,181-210,0.02,3,2
B08J4P22MF,181-210,0.02,2,1
B08GR4GNRK,181-210,0.02,2,2
B0088I8M10,211-240,0.02,2,2
B08J4P22MF,211-240,0.02,2,1
B0B18Y88N2,241-270,0.02,2,1
B01NAGTKX3,241-270,0.02,1,1
B01M2UALEJ,241-270,0.02,1,1
B002I0JGDM,241-270,0.02,1,1
B071JCYKK4,241-270,0.02,1,1
B08GR4GNRK,211-240,0.02,2,2
B0088I8M10,241-270,0.02,1,1
B0009WPZPY,241-270,0.02,1,1
B0BP5CKT2F,181-210,0.02,3,2
B00ZE360GG,181-210,0.02,2,2
B0BP5CKT2F,211-240,0.02,2,1
B00ZE360GG,211-240,0.02,1,1
B01J4PHT3C,181-210,0.02,3,1
B00ZE360GG,241-270,0.02,1,1
B004LWVHIM,241-270,0.02,1,1
B000FII8KQ,181-210,0.02,3,1
B000930DQ4,181-210,0.02,2,1
B01JYW2EXA,241-270,0.02,1,1
B00KTNU40E,211-240,0.02,2,1
B00503E9UO,241-270,0.02,1,1
B0058SHNF4,181-210,0.02,4,1
B0000C0YW2,181-210,0.02,1,1
B09NZBP951,181-210,0.02,3,1
B00BMRR666,181-210,0.02,2,1
B000930DQ4,211-240,0.02,1,1
B075QLXC7C,241-270,0.02,1,1
B0B57TXPTH,181-210,0.02,2,2
B098V87FNX,181-210,0.02,2,1
B017W16ZNA,181-210,0.02,4,1
B00GLZQR96,211-240,0.02,2,1
B08DSYRT33,181-210,0.02,2,1
B00CSLJ1L8,211-240,0.02,3,1
B00242KD7W,211-240,0.02,2,1
B07L69TMY4,181-210,0.02,3,1
B000FII8KQ,241-270,0.02,1,1
B01GW8Y17G,241-270,0.02,1,1
B00GLZQR96,241-270,0.02,2,1
B089DFJJGR,181-210,0.01,1,1
B01HIZGKOE,211-240,0.01,1,1
B0B18Y88N2,181-210,0.01,2,1
B01NAGTKX3,181-210,0.01,1,1
B01M2UALEJ,181-210,0.01,1,1
B002I0JGDM,181-210,0.01,1,1
B09FCXXGT5,181-210,0.01,8,1
B071JCYKK4,181-210,0.01,1,1
B01GWGX74Q,181-210,0.01,1,1
B003LDKIUA,181-210,0.01,1,1
B0B18Y88N2,211-240,0.01,2,1
B01NAGTKX3,211-240,0.01,1,1
B07XKBZ7F7,211-240,0.01,1,1
B00XWQZPQ8,211-240,0.01,1,1
B01M2UALEJ,211-240,0.01,1,1
B002I0JGDM,211-240,0.01,1,1
B08HQ4XV5G,211-240,0.01,1,1
B01GWGX74Q,211-240,0.01,1,1
B07DDD9CPN,211-240,0.01,2,2
B07B9XCN31,211-240,0.01,1,1
B071G5JJDW,211-240,0.01,1,1
B0BRNY8987,181-210,0.01,2,1
B07XKBZ7F7,241-270,0.01,1,1
B07B9XCN31,241-270,0.01,1,1
B00DBF813Y,181-210,0.01,1,1
B08L9569L4,181-210,0.01,1,1
B0050SYYEK,181-210,0.01,1,1
B004LWVHIM,181-210,0.01,1,1
B008J16AG0,211-240,0.01,1,1
B01JYW2EXA,181-210,0.01,1,1
B00503E9UO,181-210,0.01,1,1
B075QLXC7C,181-210,0.01,1,1
B01JYW2EXA,211-240,0.01,1,1
B00503E9UO,211-240,0.01,1,1
B075QLXC7C,211-240,0.01,1,1
B00GLZQR96,181-210,0.01,2,1
B01GU2V4HO,181-210,0.01,1,1
B00FNNQREC,181-210,0.01,1,1
B01M2DAESC,181-210,0.01,1,1
B00ECL58XM,181-210,0.01,1,1
B01GU2V4II,181-210,0.01,1,1
B00CSLJ1L8,181-210,0.01,3,1
B00242KD7W,181-210,0.01,2,1
B0D18WVLL1,181-210,0.01,1,1
B072Q6X3WW,181-210,0.01,1,1
B003VJO0OY,181-210,0.01,2,1
B0BZS6N2GV,181-210,0.01,1,1
B002ARW2CA,181-210,0.01,1,1
B01GW8Y17G,211-240,0.01,1,1
B00XUZBCEK,181-210,0.01,1,1
B006D3JT1E,181-210,0.01,1,1
B00DHF39KS,181-210,0.01,1,1
B00ECL590O,181-210,0.01,2,2
B0B57TXPTH,211-240,0.01,1,1
B00ECL590O,211-240,0.01,1,1
B003VJJRK6,181-210,0.01,1,1
B0CBCN5CRM,181-210,0.01,1,1
B09RSG6JBK,181-210,0.01,1,1
B0009350BC,181-210,0.01,1,1
B002I0IHIM,181-210,0.01,1,1
B0BT49JLWM,181-210,0.01,1,1
B0050SYW1U,181-210,0.01,1,1
B07NBDYK99,181-210,0.01,2,1
B01GU2V4HO,211-240,0.01,1,1
B00FNNQREC,211-240,0.01,1,1
B01M2DAESC,211-240,0.01,1,1
B00ECL58XM,211-240,0.01,1,1
B01GU2V4II,211-240,0.01,1,1
B08F5VZ32L,211-240,0.01,1,1
B0D18WVLL1,211-240,0.01,1,1
B072Q6X3WW,211-240,0.01,1,1
B0BZS6N2GV,211-240,0.01,1,1
B002ARW2CA,211-240,0.01,1,1
B0155VB30Y,211-240,0.01,1,1
B07MTZN8P3,181-210,0.01,1,1
B00KAEION6,211-240,0.01,1,1
B07XKBZ7F7,181-210,0.00,1,1
B08HQ4XV5G,181-210,0.00,1,1
B07B9XCN31,181-210,0.00,1,1
B09D2J1Y9G,181-210,0.00,1,1
B08L91Z6VK,181-210,0.00,2,1
B008J16AG0,181-210,0.00,1,1
B01GW8Y17G,181-210,0.00,1,1
B06ZY2129H,181-210,0.00,1,1
B08F5VZ32L,181-210,0.00,1,1
B0155VB30Y,181-210,0.00,1,1
B07Q219M5D,181-210,0.00,1,1
B00KAEION6,181-210,0.00,1,1
B002SRP9VI,181-210,0.00,1,1
B07B9QZYMZ,181-210,0.00,2,1
B0B8JH4CTN,181-210,0.00,1,1
B07DDD9CPN,241-270,0.00,1,1
B07Q219M5D,211-240,0.00,1,1
