month,source_row,asin,sku,is_game,age_tier,units_charged,cost
2025-09,1,B08NMQNSX3,1068329365,True,181-210,2,0.02
2025-09,2,B07KN77NXY,1068329356,True,211-240,18,0.22
2025-09,3,B07T3Y9GKN,1067489114,False,271-300,1,0.51
2025-09,4,B09RRHYD97,1065946288,True,181-210,1,0.01
2025-09,5,B003VN0U1M,1064901508,False,331-365,1,0.22
2025-09,6,B089DFJJGR,1064186110,True,181-210,1,0.01
2025-09,7,B098Y94S29,1064186291,True,181-210,1,0.01
2025-09,8,B01EZA0D8O,1063375652,True,181-210,1,0.01
2025-09,9,B071JCYKK4,1068329376,True,211-240,1,0.01
2025-09,10,B01HIZGKOE,1068329413,True,211-240,1,0.01
2025-09,11,B096WVJ9Q4,1068329357,True,211-240,3,0.03
2025-09,12,B08NMQNSX3,1068329365,True,211-240,2,0.03
2025-09,13,B07KN77NXY,1068329356,True,181-210,4,0.02
2025-09,14,B07T3Y9GKN,1067489114,False,301-330,3,1.59
2025-09,15,B00BSELY9I,1066662989,True,331-365,1,0.06
2025-09,16,B002BDTZU0,1066393116,False,365+,10,9.06
2025-09,17,B09RRHYD97,1065946288,True,211-240,2,0.02
2025-09,18,B097PJX3Z9,1065946896,True,301-330,4,0.21
2025-09,19,B0BPYW4DDB,1065749622,False,365+,2,4.36
2025-09,20,B003VN0U1M,1064901508,False,365+,14,3.65
2025-09,21,B089DFJJGR,1064186110,True,211-240,8,0.10
2025-09,22,B098Y94S29,1064186291,True,211-240,8,0.11
2025-09,23,B004Q2TORS,1063376137,False,365+,4,0.60
2025-09,24,B07XGW61PX,1063375936,True,181-210,1,0.01
2025-09,25,B01EZA0D8O,1063375652,True,211-240,7,0.07
2025-09,26,B00005QI53,1063376373,True,365+,1,0.15
2025-09,27,B07795WNJV,1062959199,False,365+,1,1.49
2025-09,28,B00DRHNLEK,PT-ANK4-X0M5,False,365+,5,1.00
2025-09,29,B0BJ7S8NNN,1060807369,False,365+,2,0.53
2025-09,30,B0BJ7T3642,1060807372,False,365+,1,0.19
2025-09,31,B00DND7H9S,1058619759,False,365+,3,0.45
2025-09,32,B096WVGQMJ,1053589872,True,211-240,2,0.02
2025-09,33,B003OZZJGS,1028571739,True,181-210,1,0.01
2025-10,1,B08NMQNSX3,1068329365,True,241-270,2,0.04
2025-10,2,B09RRHYD97,1065946288,True,241-270,2,0.04
2025-10,3,B098Y94S29,1064186291,True,211-240,1,0.01
2025-10,4,B01EZA0D8O,1063375652,True,181-210,3,0.02
2025-10,5,B096WVJ9Q4,1068329357,True,241-270,3,0.06
2025-10,6,B08NMQNSX3,1068329365,True,211-240,2,0.02
2025-10,7,B07KN77NXY,1068329356,True,211-240,4,0.05
2025-10,8,B07T3Y9GKN,1067489114,False,331-365,3,1.65
2025-10,9,B09RRHYD97,1065946288,True,211-240,1,0.01
2025-10,10,B089DFJJGR,1064186110,True,211-240,1,0.01
2025-10,11,B098Y94S29,1064186291,True,241-270,8,0.16
2025-10,12,B07XGW61PX,1063375936,True,211-240,1,0.01
2025-10,13,B01EZA0D8O,1063375652,True,211-240,1,0.01
2025-10,14,B096WVGQMJ,1053589872,True,241-270,2,0.03
2025-10,15,B003OZZJGS,1028571739,True,181-210,2,0.01
2025-10,16,B0B18Y88N2,1068866832,True,181-210,2,0.01
2025-10,17,B08PCN2Y3G,1068866834,True,181-210,3,0.03
2025-10,18,B01NAGTKX3,1068866833,True,181-210,1,0.01
2025-10,19,B07XKBZ7F7,1068811466,True,181-210,1,0.00
2025-10,20,B0BSNX28Y4,1068811441,True,181-210,5,0.04
2025-10,21,B00XWQZPQ8,1068811431,True,181-210,1,0.01
2025-10,22,B00ZS80PC2,1067893319,True,181-210,2,0.02
2025-10,23,B01M2UALEJ,1068811465,True,181-210,1,0.01
2025-10,24,B07SL77MHX,1068811473,False,181-210,30,0.09
2025-10,25,B002I0JGDM,1068811424,True,181-210,1,0.01
2025-10,26,B08JHP4Q7Y,1068811462,True,181-210,2,0.02
2025-10,27,B09FCXXGT5,1068811453,True,181-210,8,0.01
2025-10,28,B0CGY48TGT,1068811429,True,181-210,7,0.07
2025-10,29,B071JCYKK4,1068329376,True,181-210,1,0.01
2025-10,30,B01HIZGKOE,1068329413,True,241-270,1,0.02
2025-10,31,B096WVJ9Q4,1068329357,True,181-210,12,0.09
2025-10,32,B08NMQNSX3,1068329365,True,181-210,4,0.04
2025-10,33,B07KN77NXY,1068329356,True,241-270,18,0.31
2025-10,34,B07T3Y9GKN,1067489114,False,301-330,1,0.53
2025-10,35,B002BDTZU0,1066393116,False,365+,10,9.07
2025-10,36,B09RRHYD97,1065946288,True,181-210,3,0.03
2025-10,37,B097PJX3Z9,1065946896,True,331-365,3,0.16
2025-10,38,B003VN0U1M,1064901508,False,365+,15,3.91
2025-10,39,B089DFJJGR,1064186110,True,241-270,8,0.15
2025-10,40,B098Y94S29,1064186291,True,181-210,2,0.01
2025-10,41,B08HQ4XV5G,1064185858,True,181-210,1,0.00
2025-10,42,B004Q2TORS,1063376137,False,365+,4,0.60
2025-10,43,B07XGW61PX,1063375936,True,181-210,4,0.02
2025-10,44,B01EZA0D8O,1063375652,True,241-270,7,0.12
2025-10,45,B00DRHNLEK,PT-ANK4-X0M5,False,365+,5,1.00
2025-10,46,B0BJ7S8NNN,1060807369,False,365+,2,0.53
2025-10,47,B0BJ7T3642,1060807372,False,365+,1,0.19
2025-10,48,B00DND7H9S,1058619759,False,365+,3,0.45
2025-10,49,B096WVGQMJ,1053589872,True,181-210,4,0.03
2025-10,50,B075MSL3BV,1047886637,True,181-210,2,0.01
2025-10,51,B01GWGX74Q,1043846177,True,181-210,1,0.01
2025-10,52,B0088I8M10,1041721114,True,181-210,1,0.00
2025-10,53,B07DDD9CPN,1041418871,True,181-210,9,0.09
2025-10,54,B003LDKIUA,1041266555,True,181-210,1,0.01
2025-10,55,B082QL63JB,1037691479,True,181-210,6,0.05
2025-10,56,B07B9XCN31,1037334887,True,181-210,1,0.00
2025-10,57,B071G5JJDW,1035764639,True,181-210,1,0.01
2025-10,58,B003OZZJGS,1028571739,True,211-240,1,0.01
2025-11,1,B08NMQNSX3,1068329365,True,211-240,4,0.05
2025-11,2,B07SL77MHX,1068811473,False,181-210,7,0.01
2025-11,3,B08JHP4Q7Y,1068811462,True,181-210,2,0.02
2025-11,4,B096WVJ9Q4,1068329357,True,211-240,12,0.17
2025-11,5,B08NMQNSX3,1068329365,True,181-210,1,0.01
2025-11,6,B09RRHYD97,1065946288,True,211-240,3,0.03
2025-11,7,B097PJX3Z9,1065946896,True,365+,2,0.30
2025-11,8,B098Y94S29,1064186291,True,271-300,7,0.54
2025-11,9,B07XGW61PX,1063375936,True,241-270,1,0.02
2025-11,10,B01EZA0D8O,1063375652,True,211-240,3,0.03
2025-11,11,B096WVGQMJ,1053589872,True,211-240,4,0.04
2025-11,12,B003OZZJGS,1028571739,True,241-270,1,0.02
2025-11,13,B09D2J1Y9G,1069286306,True,181-210,1,0.00
2025-11,14,B0BPPQWQW2,1069286282,True,181-210,7,0.06
2025-11,15,B0BSJZQK5L,1069286287,True,181-210,2,0.01
2025-11,16,B08J4P22MF,1069286292,True,181-210,2,0.02
2025-11,17,B0009WPZPY,1069286297,True,181-210,6,0.06
2025-11,18,B0CHN2DVSX,1069261942,False,181-210,18,0.60
2025-11,19,B0B18Y88N2,1068866832,True,211-240,2,0.01
2025-11,20,B08PCN2Y3G,1068866834,True,211-240,2,0.04
2025-11,21,B01NAGTKX3,1068866833,True,211-240,1,0.01
2025-11,22,B07XKBZ7F7,1068811466,True,211-240,1,0.01
2025-11,23,B0BSNX28Y4,1068811441,True,211-240,4,0.04
2025-11,24,B00XWQZPQ8,1068811431,True,211-240,1,0.01
2025-11,25,B00ZS80PC2,1067893319,True,211-240,2,0.02
2025-11,26,B0BV9NKGJ4,1068811478,False,181-210,1,0.14
2025-11,27,B01M2UALEJ,1068811465,True,211-240,1,0.01
2025-11,28,B07SL77MHX,1068811473,False,211-240,29,0.24
2025-11,29,B002I0JGDM,1068811424,True,211-240,1,0.01
2025-11,30,B08JHP4Q7Y,1068811462,True,211-240,2,0.03
2025-11,31,B09FCXXGT5,1068811453,True,211-240,8,0.07
2025-11,32,B0CGY48TGT,1068811429,True,211-240,6,0.08
2025-11,33,B071JCYKK4,1068329376,True,211-240,1,0.01
2025-11,34,B096WVJ9Q4,1068329357,True,271-300,3,0.24
2025-11,35,B08NMQNSX3,1068329365,True,271-300,3,0.24
2025-11,36,B07KN77NXY,1068329356,True,271-300,22,1.36
2025-11,37,B07T3Y9GKN,1067489114,False,331-365,1,0.55
2025-11,38,B08GR4GNRK,1066662845,True,181-210,1,0.01
2025-11,39,B002BDTZU0,1066393116,False,365+,10,9.08
2025-11,40,B09RRHYD97,1065946288,True,271-300,2,0.12
2025-11,41,B097PJX3Z9,1065946896,True,331-365,1,0.05
2025-11,42,B003VN0U1M,1064901508,False,365+,13,3.39
2025-11,43,B089DFJJGR,1064186110,True,271-300,9,0.60
2025-11,44,B098Y94S29,1064186291,True,211-240,2,0.03
2025-11,45,B08HQ4XV5G,1064185858,True,211-240,1,0.01
2025-11,46,B004Q2TORS,1063376137,False,365+,4,0.60
2025-11,47,B07XGW61PX,1063375936,True,211-240,4,0.05
2025-11,48,B01EZA0D8O,1063375652,True,271-300,8,0.48
2025-11,49,B00DRHNLEK,PT-ANK4-X0M5,False,365+,5,1.00
2025-11,50,B0B57TLKMM,1062635346,False,271-300,1,0.20
2025-11,51,B0BJ7S8NNN,1060807369,False,365+,2,0.53
2025-11,52,B0BJ7T3642,1060807372,False,365+,1,0.19
2025-11,53,B096WVGQMJ,1053589872,True,271-300,2,0.12
2025-11,54,B075MSL3BV,1047886637,True,211-240,2,0.02
2025-11,55,B01GWGX74Q,1043846177,True,211-240,1,0.01
2025-11,56,B0088I8M10,1041721114,True,211-240,1,0.01
2025-11,57,B07DDD9CPN,1041418871,True,211-240,1,0.01
2025-11,58,B082QL63JB,1037691479,True,211-240,6,0.06
2025-11,59,B07B9XCN31,1037334887,True,211-240,1,0.01
2025-11,60,B071G5JJDW,1035764639,True,211-240,1,0.01
2025-11,61,B003OZZJGS,1028571739,True,211-240,2,0.02
2025-12,1,B01EZA0D8O,1063375652,True,241-270,3,0.05
2025-12,2,B00XWQZPQ8,1068811431,True,241-270,1,0.02
2025-12,3,B07SL77MHX,1068811473,False,211-240,7,0.06
2025-12,4,B08JHP4Q7Y,1068811462,True,211-240,2,0.01
2025-12,5,B09RRHYD97,1065946288,True,241-270,3,0.06
2025-12,6,B01EZA0D8O,1063375652,True,301-330,7,0.44
2025-12,7,B071G5JJDW,1035764639,True,181-210,2,0.01
2025-12,8,B003OZZJGS,1028571739,True,241-270,2,0.04
2025-12,9,B0BRNY8987,1069288408,True,181-210,2,0.01
2025-12,10,B0BPPQWQW2,1069286282,True,211-240,7,0.08
2025-12,11,B0BSJZQK5L,1069286287,True,211-240,2,0.02
2025-12,12,B08J4P22MF,1069286292,True,211-240,2,0.02
2025-12,13,B0009WPZPY,1069286297,True,211-240,3,0.03
2025-12,14,B0CHN2DVSX,1069261942,False,211-240,17,1.13
2025-12,15,B0B18Y88N2,1068866832,True,241-270,2,0.02
2025-12,16,B01NAGTKX3,1068866833,True,241-270,1,0.02
2025-12,17,B07XKBZ7F7,1068811466,True,241-270,1,0.01
2025-12,18,B00XWQZPQ8,1068811431,True,181-210,1,0.01
2025-12,19,B00ZS80PC2,1067893319,True,241-270,2,0.04
2025-12,20,B0BV9NKGJ4,1068811478,False,211-240,1,0.27
2025-12,21,B01M2UALEJ,1068811465,True,241-270,1,0.02
2025-12,22,B07SL77MHX,1068811473,False,241-270,29,0.34
2025-12,23,B002I0JGDM,1068811424,True,241-270,1,0.02
2025-12,24,B08JHP4Q7Y,1068811462,True,241-270,2,0.03
2025-12,25,B09FCXXGT5,1068811453,True,241-270,8,0.08
2025-12,26,B0CGY48TGT,1068811429,True,241-270,5,0.10
2025-12,27,B071JCYKK4,1068329376,True,241-270,1,0.02
2025-12,28,B07KN77NXY,1068329356,True,301-330,20,1.30
2025-12,29,B08GR4GNRK,1066662845,True,211-240,1,0.01
2025-12,30,B002BDTZU0,1066393116,False,365+,10,9.08
2025-12,31,B09RRHYD97,1065946288,True,301-330,1,0.06
2025-12,32,B097PJX3Z9,1065946896,True,365+,2,0.30
2025-12,33,B003VN0U1M,1064901508,False,365+,13,3.39
2025-12,34,B004Q2TORS,1063376137,False,365+,4,0.60
2025-12,35,B01EZA0D8O,1063375652,True,181-210,3,0.03
2025-12,36,B00DRHNLEK,PT-ANK4-X0M5,False,365+,4,0.80
2025-12,37,B0B57TLKMM,1062635346,False,301-330,1,0.21
2025-12,38,B0BJ7S8NNN,1060807369,False,365+,2,0.53
2025-12,39,B0BJ7T3642,1060807372,False,365+,1,0.19
2025-12,40,B075MSL3BV,1047886637,True,181-210,5,0.04
2025-12,41,B0088I8M10,1041721114,True,241-270,1,0.02
2025-12,42,B0748VH8ZF,1039345443,True,181-210,9,0.07
2025-12,43,B082QL63JB,1037691479,True,241-270,6,0.12
2025-12,44,B07B9XCN31,1037334887,True,241-270,1,0.01
2025-12,45,B071G5JJDW,1035764639,True,241-270,1,0.02
2025-12,46,B003OZZJGS,1028571739,True,271-300,1,0.08
2026-01,1,B01EZA0D8O,1063375652,True,271-300,3,0.18
2026-01,2,B00XWQZPQ8,1068811431,True,271-300,1,0.06
2026-01,3,B07SL77MHX,1068811473,False,241-270,7,0.08
2026-01,4,B08JHP4Q7Y,1068811462,True,271-300,2,0.16
2026-01,5,B01EZA0D8O,1063375652,True,241-270,3,0.06
2026-01,6,B003OZZJGS,1028571739,True,271-300,2,0.16
2026-01,7,B0BRNY8987,1069288408,True,241-270,2,0.03
2026-01,8,B0BSJZQK5L,1069286287,True,241-270,2,0.04
2026-01,9,B08J4P22MF,1069286292,True,241-270,2,0.03
2026-01,10,B0009WPZPY,1069286297,True,241-270,1,0.02
2026-01,11,B0CHN2DVSX,1069261942,False,241-270,16,1.59
2026-01,12,B00XWQZPQ8,1068811431,True,241-270,1,0.02
2026-01,13,B00ZS80PC2,1067893319,True,271-300,2,0.14
2026-01,14,B01M2UALEJ,1068811465,True,271-300,1,0.06
2026-01,15,B07SL77MHX,1068811473,False,271-300,29,1.24
2026-01,16,B002I0JGDM,1068811424,True,271-300,1,0.08
2026-01,17,B08JHP4Q7Y,1068811462,True,241-270,2,0.02
2026-01,18,B09FCXXGT5,1068811453,True,271-300,2,0.08
2026-01,19,B0CGY48TGT,1068811429,True,271-300,3,0.24
2026-01,20,B071JCYKK4,1068329376,True,271-300,1,0.06
2026-01,21,B07KN77NXY,1068329356,True,331-365,20,1.34
2026-01,22,B08GR4GNRK,1066662845,True,241-270,1,0.02
2026-01,23,B002BDTZU0,1066393116,False,365+,10,9.08
2026-01,24,B097PJX3Z9,1065946896,True,365+,2,0.30
2026-01,25,B003VN0U1M,1064901508,False,365+,13,3.39
2026-01,26,B004Q2TORS,1063376137,False,365+,4,0.60
2026-01,27,B01EZA0D8O,1063375652,True,331-365,7,0.47
2026-01,28,B00DRHNLEK,PT-ANK4-X0M5,False,365+,4,0.80
2026-01,29,B0B57TLKMM,1062635346,False,331-365,1,0.22
2026-01,30,B0BJ7S8NNN,1060807369,False,365+,2,0.53
2026-01,31,B0BJ7T3642,1060807372,False,365+,1,0.19
2026-01,32,B075MSL3BV,1047886637,True,241-270,5,0.09
2026-01,33,B0088I8M10,1041721114,True,271-300,1,0.07
2026-01,34,B0748VH8ZF,1039345443,True,241-270,9,0.18
2026-01,35,B082QL63JB,1037691479,True,271-300,3,0.18
2026-01,36,B07B9XCN31,1037334887,True,271-300,1,0.04
2026-01,37,B071G5JJDW,1035764639,True,241-270,2,0.03
2026-01,38,B003OZZJGS,1028571739,True,301-330,1,0.08
2026-02,1,B01EZA0D8O,1063375652,True,271-300,3,0.18
2026-02,2,B08JHP4Q7Y,1068811462,True,181-210,2,0.02
2026-02,3,B01EZA0D8O,1063375652,True,301-330,3,0.19
2026-02,4,B0BSJZQK5L,1069286287,True,271-300,2,0.13
2026-02,5,B00XWQZPQ8,1068811431,True,271-300,1,0.06
2026-02,6,B00ZS80PC2,1067893319,True,301-330,2,0.14
2026-02,7,B07SL77MHX,1068811473,False,271-300,7,0.30
2026-02,8,B08JHP4Q7Y,1068811462,True,301-330,1,0.07
2026-02,9,B07KN77NXY,1068329356,True,331-365,4,0.26
2026-02,10,B08GR4GNRK,1066662845,True,271-300,1,0.06
2026-02,11,B01EZA0D8O,1063375652,True,366-455,6,1.80
2026-02,12,B075MSL3BV,1047886637,True,271-300,5,0.30
2026-02,13,B0088I8M10,1041721114,True,181-210,1,0.01
2026-02,14,B082QL63JB,1037691479,True,181-210,2,0.02
2026-02,15,B003OZZJGS,1028571739,True,331-365,1,0.08
2026-02,16,B0BP5CKT2F,1069890475,True,181-210,2,0.01
2026-02,17,B0BRNY8987,1069288408,True,271-300,2,0.11
2026-02,18,B0BSJZQK5L,1069286287,True,181-210,1,0.01
2026-02,19,B08J4P22MF,1069286292,True,271-300,2,0.12
2026-02,20,B0CHN2DVSX,1069261942,False,271-300,15,5.42
2026-02,21,B07YZ4QVZY,1068949078,True,181-210,2,0.02
2026-02,22,B00XWQZPQ8,1068811431,True,301-330,1,0.07
2026-02,23,B00ZS80PC2,1067893319,True,181-210,2,0.02
2026-02,24,B01M2UALEJ,1068811465,True,301-330,1,0.06
2026-02,25,B07SL77MHX,1068811473,False,301-330,26,1.22
2026-02,26,B002I0JGDM,1068811424,True,301-330,1,0.08
2026-02,27,B000L422L0,1068811450,True,181-210,24,0.15
2026-02,28,B08JHP4Q7Y,1068811462,True,271-300,2,0.12
2026-02,29,B0CGY48TGT,1068811429,True,301-330,3,0.24
2026-02,30,B071JCYKK4,1068329376,True,301-330,1,0.06
2026-02,31,B07KN77NXY,1068329356,True,366-455,16,4.80
2026-02,32,B00DBF813Y,1068329375,True,181-210,1,0.01
2026-02,33,B08GR4GNRK,1066662845,True,181-210,1,0.01
2026-02,34,B002BDTZU0,1066393116,False,456+,10,10.39
2026-02,35,B097PJX3Z9,1065946896,True,456+,2,0.70
2026-02,36,B003VN0U1M,1064901508,False,456+,13,4.55
2026-02,37,B08L9569L4,1064901365,True,181-210,1,0.01
2026-02,38,B004Q2TORS,1063376137,False,456+,4,1.40
2026-02,39,B01EZA0D8O,1063375652,True,331-365,1,0.07
2026-02,40,B00DRHNLEK,PT-ANK4-X0M5,False,456+,4,1.40
2026-02,41,B0B57TLKMM,1062635346,False,366-455,1,0.30
2026-02,42,B0BJ7S8NNN,1060807369,False,456+,2,0.70
2026-02,43,B0BJ7T3642,1060807372,False,456+,1,0.35
2026-02,44,B0BXTDQRCD,1059898566,False,271-300,1,1.44
2026-02,45,B005EHAFTA,1059113393,False,181-210,7,0.04
2026-02,46,B00CX6XKK6,1049720229,True,181-210,3,0.03
2026-02,47,B01AC3ZD06,1048894668,True,181-210,9,0.06
2026-02,48,B075MSL3BV,1047886637,True,181-210,1,0.01
2026-02,49,B00ZE360GG,1043651644,True,181-210,1,0.01
2026-02,50,B0088I8M10,1041721114,True,301-330,1,0.08
2026-02,51,B0748VH8ZF,1039345443,True,271-300,7,0.50
2026-02,52,B082QL63JB,1037691479,True,301-330,2,0.12
2026-02,53,B08L91Z6VK,1037691306,True,181-210,2,0.00
2026-02,54,B071G5JJDW,1035764639,True,271-300,2,0.12
2026-02,55,B008J16AG0,1034379345,True,181-210,1,0.00
2026-02,56,B07RQ33XDG,1032602113,True,181-210,8,0.07
2026-02,57,B003OZZJGS,1028571739,True,301-330,2,0.16
2026-02,58,B0050SYYEK,DL-GWVW-9XVQ,True,181-210,1,0.01
2026-02,59,B004LWVHIM,M4-JO8G-8M8M,True,181-210,1,0.01
2026-03,1,B08JHP4Q7Y,1068811462,True,331-365,2,0.14
2026-03,2,B01EZA0D8O,1063375652,True,366-455,6,1.80
2026-03,3,B0BSJZQK5L,1069286287,True,301-330,2,0.14
2026-03,4,B0CHN2DVSX,1069261942,False,301-330,10,3.79
2026-03,5,B00XWQZPQ8,1068811431,True,331-365,1,0.07
2026-03,6,B00ZS80PC2,1067893319,True,331-365,2,0.15
2026-03,7,B07SL77MHX,1068811473,False,301-330,7,0.33
2026-03,8,B000L422L0,1068811450,True,181-210,1,0.01
2026-03,9,B08JHP4Q7Y,1068811462,True,301-330,2,0.07
2026-03,10,B08GR4GNRK,1066662845,True,301-330,1,0.07
2026-03,11,B01EZA0D8O,1063375652,True,271-300,3,0.18
2026-03,12,B075MSL3BV,1047886637,True,211-240,1,0.01
2026-03,13,B0088I8M10,1041721114,True,331-365,1,0.08
2026-03,14,B082QL63JB,1037691479,True,331-365,1,0.07
2026-03,15,B07RQ33XDG,1032602113,True,181-210,1,0.01
2026-03,16,B0BP5CKT2F,1069890475,True,211-240,2,0.02
2026-03,17,B0BRNY8987,1069288408,True,271-300,2,0.11
2026-03,18,B0BSJZQK5L,1069286287,True,211-240,1,0.01
2026-03,19,B08J4P22MF,1069286292,True,301-330,2,0.14
2026-03,20,B0CHN2DVSX,1069261942,False,181-210,1,0.03
2026-03,21,B07YZ4QVZY,1068949078,True,211-240,1,0.02
2026-03,22,B00XWQZPQ8,1068811431,True,271-300,1,0.06
2026-03,23,B00ZS80PC2,1067893319,True,211-240,2,0.02
2026-03,24,B01M2UALEJ,1068811465,True,331-365,1,0.06
2026-03,25,B07SL77MHX,1068811473,False,331-365,19,0.92
2026-03,26,B002I0JGDM,1068811424,True,331-365,1,0.08
2026-03,27,B000L422L0,1068811450,True,211-240,24,0.24
2026-03,28,B08JHP4Q7Y,1068811462,True,211-240,2,0.02
2026-03,29,B0CGY48TGT,1068811429,True,331-365,3,0.24
2026-03,30,B071JCYKK4,1068329376,True,331-365,1,0.07
2026-03,31,B07KN77NXY,1068329356,True,366-455,20,6.00
2026-03,32,B08GR4GNRK,1066662845,True,211-240,1,0.01
2026-03,33,B002BDTZU0,1066393116,False,456+,10,10.39
2026-03,34,B097PJX3Z9,1065946896,True,456+,2,0.70
2026-03,35,B003VN0U1M,1064901508,False,456+,13,4.55
2026-03,36,B004Q2TORS,1063376137,False,456+,4,1.40
2026-03,37,B01EZA0D8O,1063375652,True,331-365,3,0.20
2026-03,38,B00DRHNLEK,PT-ANK4-X0M5,False,456+,4,1.40
2026-03,39,B0B57TLKMM,1062635346,False,366-455,1,0.30
2026-03,40,B0BJ7S8NNN,1060807369,False,456+,2,0.70
2026-03,41,B0BJ7T3642,1060807372,False,456+,1,0.35
2026-03,42,B0BXTDQRCD,1059898566,False,301-330,1,1.51
2026-03,43,B005EHAFTA,1059113393,False,211-240,7,0.08
2026-03,44,B00CX6XKK6,1049720229,True,211-240,3,0.03
2026-03,45,B01AC3ZD06,1048894668,True,211-240,9,0.11
2026-03,46,B075MSL3BV,1047886637,True,271-300,5,0.30
2026-03,47,B00ZE360GG,1043651644,True,211-240,1,0.02
2026-03,48,B0088I8M10,1041721114,True,211-240,1,0.01
2026-03,49,B0748VH8ZF,1039345443,True,271-300,6,0.43
2026-03,50,B082QL63JB,1037691479,True,211-240,2,0.02
2026-03,51,B071G5JJDW,1035764639,True,271-300,2,0.12
2026-03,52,B008J16AG0,1034379345,True,211-240,1,0.01
2026-03,53,B07RQ33XDG,1032602113,True,211-240,7,0.11
2026-04,1,B00ZS80PC2,1067893319,True,366-455,2,0.60
2026-04,2,B08JHP4Q7Y,1068811462,True,241-270,2,0.04
2026-04,3,B0BSJZQK5L,1069286287,True,331-365,2,0.14
2026-04,4,B0CHN2DVSX,1069261942,False,211-240,1,0.07
2026-04,5,B00XWQZPQ8,1068811431,True,331-365,1,0.07
2026-04,6,B00ZS80PC2,1067893319,True,181-210,2,0.02
2026-04,7,B07SL77MHX,1068811473,False,331-365,7,0.34
2026-04,8,B000L422L0,1068811450,True,211-240,1,0.01
2026-04,9,B08JHP4Q7Y,1068811462,True,366-455,2,0.60
2026-04,10,B08GR4GNRK,1066662845,True,331-365,1,0.07
2026-04,11,B00CX6XKK6,1049720229,True,181-210,1,0.01
2026-04,12,B075MSL3BV,1047886637,True,241-270,1,0.02
2026-04,13,B0748VH8ZF,1039345443,True,181-210,2,0.01
2026-04,14,B07RQ33XDG,1032602113,True,211-240,1,0.01
2026-04,15,B01J4PHT3C,1070280032,True,181-210,3,0.02
2026-04,16,B01JYW2EXA,1070280051,True,181-210,1,0.01
2026-04,17,B0006ACWEQ,1070175672,False,181-210,3,0.03
2026-04,18,B0BP5CKT2F,1069890475,True,241-270,2,0.04
2026-04,19,B0BRNY8987,1069288408,True,331-365,2,0.12
2026-04,20,B0BSJZQK5L,1069286287,True,241-270,1,0.02
2026-04,21,B08J4P22MF,1069286292,True,331-365,2,0.14
2026-04,22,B0CHN2DVSX,1069261942,False,331-365,2,0.78
2026-04,23,B00XWQZPQ8,1068811431,True,366-455,1,0.30
2026-04,24,B00ZS80PC2,1067893319,True,241-270,2,0.04
2026-04,25,B01M2UALEJ,1068811465,True,366-455,1,0.30
2026-04,26,B07SL77MHX,1068811473,False,366-455,3,0.90
2026-04,27,B002I0JGDM,1068811424,True,366-455,1,0.30
2026-04,28,B000L422L0,1068811450,True,241-270,23,0.30
2026-04,29,B08JHP4Q7Y,1068811462,True,331-365,2,0.07
2026-04,30,B00KTNU40E,1068811461,True,181-210,2,0.02
2026-04,31,B0CGY48TGT,1068811429,True,366-455,3,0.90
2026-04,32,B071JCYKK4,1068329376,True,366-455,1,0.30
2026-04,33,B07KN77NXY,1068329356,True,366-455,17,5.10
2026-04,34,B08GR4GNRK,1066662845,True,241-270,1,0.02
2026-04,35,B002BDTZU0,1066393116,False,456+,10,10.39
2026-04,36,B097PJX3Z9,1065946896,True,456+,2,0.70
2026-04,37,B003VN0U1M,1064901508,False,456+,13,4.55
2026-04,38,B004Q2TORS,1063376137,False,456+,4,1.40
2026-04,39,B00503E9UO,1063376019,True,181-210,1,0.01
2026-04,40,B01EZA0D8O,1063375652,True,331-365,1,0.06
2026-04,41,B00DRHNLEK,PT-ANK4-X0M5,False,456+,4,1.40
2026-04,42,B0BJ7S8NNN,1060807369,False,456+,2,0.70
2026-04,43,B0BJ7T3642,1060807372,False,456+,1,0.35
2026-04,44,B0BXTDQRCD,1059898566,False,331-365,1,1.56
2026-04,45,B00CX6XKK6,1049720229,True,241-270,2,0.04
2026-04,46,B075MSL3BV,1047886637,True,331-365,5,0.35
2026-04,47,B00ZE360GG,1043651644,True,241-270,1,0.02
2026-04,48,B0088I8M10,1041721114,True,181-210,1,0.01
2026-04,49,B0748VH8ZF,1039345443,True,331-365,7,0.55
2026-04,50,B082QL63JB,1037691479,True,181-210,1,0.01
2026-04,51,B071G5JJDW,1035764639,True,331-365,2,0.12
2026-04,52,B07RQ33XDG,1032602113,True,241-270,6,0.12
2026-04,53,B074RYSTNS,1031051620,False,181-210,1,0.06
2026-04,54,B004LWVHIM,M4-JO8G-8M8M,True,241-270,1,0.02
2026-05,1,B00ZS80PC2,1067893319,True,271-300,2,0.14
2026-05,2,B08JHP4Q7Y,1068811462,True,366-455,2,0.60
2026-05,3,B0BSJZQK5L,1069286287,True,331-365,2,0.14
2026-05,4,B00XWQZPQ8,1068811431,True,366-455,1,0.30
2026-05,5,B00ZS80PC2,1067893319,True,211-240,2,0.03
2026-05,6,B000L422L0,1068811450,True,241-270,1,0.01
2026-05,7,B08JHP4Q7Y,1068811462,True,331-365,2,0.07
2026-05,8,B07KN77NXY,1068329356,True,456+,12,4.20
2026-05,9,B08GR4GNRK,1066662845,True,331-365,1,0.07
2026-05,10,B00ZE360GG,1043651644,True,271-300,1,0.08
2026-05,11,B0748VH8ZF,1039345443,True,211-240,2,0.03
2026-05,12,B07RQ33XDG,1032602113,True,241-270,1,0.02
2026-05,13,B075QLXC7C,1070474316,True,181-210,1,0.01
2026-05,14,B01J4PHT3C,1070280032,True,211-240,3,0.03
2026-05,15,B01JYW2EXA,1070280051,True,211-240,1,0.01
2026-05,16,B0006ACWEQ,1070175672,False,211-240,3,0.03
2026-05,17,B0BP5CKT2F,1069890475,True,181-210,1,0.01
2026-05,18,B0BRNY8987,1069288408,True,331-365,2,0.11
2026-05,19,B0BSJZQK5L,1069286287,True,271-300,1,0.06
2026-05,20,B08J4P22MF,1069286292,True,331-365,2,0.14
2026-05,21,B0CHN2DVSX,1069261942,False,241-270,1,0.10
2026-05,22,B07YZ4QVZY,1068949078,True,181-210,7,0.07
2026-05,23,B00XWQZPQ8,1068811431,True,331-365,1,0.07
2026-05,24,B00ZS80PC2,1067893319,True,366-455,2,0.60
2026-05,25,B07SL77MHX,1068811473,False,331-365,1,0.05
2026-05,26,B002I0JGDM,1068811424,True,366-455,1,0.30
2026-05,27,B000L422L0,1068811450,True,271-300,23,1.21
2026-05,28,B08JHP4Q7Y,1068811462,True,271-300,2,0.12
2026-05,29,B00KTNU40E,1068811461,True,181-210,2,0.01
2026-05,30,B0CGY48TGT,1068811429,True,366-455,3,0.90
2026-05,31,B071JCYKK4,1068329376,True,366-455,1,0.30
2026-05,32,B07KN77NXY,1068329356,True,366-455,4,1.20
2026-05,33,B00BSELY9I,1066662989,True,181-210,4,0.03
2026-05,34,B08GR4GNRK,1066662845,True,271-300,1,0.06
2026-05,35,B002BDTZU0,1066393116,False,456+,4,4.16
2026-05,36,B003VN0U1M,1064901508,False,456+,13,4.55
2026-05,37,B004Q2TORS,1063376137,False,456+,4,1.40
2026-05,38,B00503E9UO,1063376019,True,211-240,1,0.01
2026-05,39,B00DRHNLEK,PT-ANK4-X0M5,False,456+,4,1.40
2026-05,40,B0BJ7S8NNN,1060807369,False,456+,2,0.70
2026-05,41,B0BJ7T3642,1060807372,False,456+,1,0.35
2026-05,42,B0BXTDQRCD,1059898566,False,366-455,1,1.83
2026-05,43,B01LDFGIT2,1058619763,False,181-210,25,0.51
2026-05,44,B00CX6XKK6,1049720229,True,181-210,1,0.00
2026-05,45,B00ZE360GG,1043651644,True,181-210,1,0.01
2026-05,46,B0748VH8ZF,1039345443,True,331-365,7,0.55
2026-05,47,B0026FCARI,1036663472,True,181-210,2,0.01
2026-05,48,B071G5JJDW,1035764639,True,331-365,2,0.12
2026-05,49,B07RQ33XDG,1032602113,True,271-300,5,0.40
2026-05,50,B016KAKD7S,1030912249,False,181-210,10,0.86
2026-06,1,B0BSJZQK5L,1069286287,True,366-455,2,0.60
2026-06,2,B000L422L0,1068811450,True,301-330,22,1.28
2026-06,3,B08JHP4Q7Y,1068811462,True,301-330,2,0.14
2026-06,4,B00KTNU40E,1068811461,True,241-270,1,0.02
2026-06,5,B0CGY48TGT,1068811429,True,366-455,2,0.60
2026-06,6,B01LDFGIT2,1058619763,False,211-240,24,0.98
2026-06,7,B0748VH8ZF,1039345443,True,241-270,2,0.04
2026-06,8,B07RQ33XDG,1032602113,True,271-300,1,0.08
2026-06,9,B000FII8KQ,1070625053,True,181-210,3,0.02
2026-06,10,B000930DQ4,1070625051,True,181-210,2,0.02
2026-06,11,B01GW8Y17G,1070625056,True,181-210,1,0.00
2026-06,12,B075QLXC7C,1070474316,True,211-240,1,0.01
2026-06,13,B01J4PHT3C,1070280032,True,241-270,3,0.06
2026-06,14,B01JYW2EXA,1070280051,True,241-270,1,0.02
2026-06,15,B0006ACWEQ,1070175672,False,241-270,3,0.06
2026-06,16,B0BRNY8987,1069288408,True,366-455,2,0.60
2026-06,17,B0BSJZQK5L,1069286287,True,301-330,1,0.06
2026-06,18,B07YZ4QVZY,1068949078,True,211-240,7,0.08
2026-06,19,B07SL77MHX,1068811473,False,366-455,1,0.30
2026-06,20,B000L422L0,1068811450,True,271-300,1,0.05
2026-06,21,B08JHP4Q7Y,1068811462,True,366-455,4,1.20
2026-06,22,B00KTNU40E,1068811461,True,211-240,2,0.02
2026-06,23,B0CGY48TGT,1068811429,True,181-210,2,0.02
2026-06,24,B071JCYKK4,1068329376,True,366-455,1,0.30
2026-06,25,B07KN77NXY,1068329356,True,456+,15,5.25
2026-06,26,B00BSELY9I,1066662989,True,211-240,4,0.04
2026-06,27,B002BDTZU0,1066393116,False,456+,4,4.16
2026-06,28,B003VN0U1M,1064901508,False,456+,13,4.55
2026-06,29,B004Q2TORS,1063376137,False,456+,4,1.40
2026-06,30,B00503E9UO,1063376019,True,241-270,1,0.02
2026-06,31,B00DRHNLEK,PT-ANK4-X0M5,False,456+,3,1.05
2026-06,32,B0BJ7S8NNN,1060807369,False,456+,2,0.70
2026-06,33,B0BJ7T3642,1060807372,False,456+,1,0.35
2026-06,34,B01LDFGIT2,1058619763,False,181-210,2,0.04
2026-06,35,B07DDD9CPN,1041418871,True,181-210,1,0.01
2026-06,36,B0748VH8ZF,1039345443,True,366-455,7,2.10
2026-06,37,B0026FCARI,1036663472,True,181-210,3,0.02
2026-06,38,B07RQ33XDG,1032602113,True,301-330,2,0.17
2026-06,39,B016KAKD7S,1030912249,False,211-240,10,2.61
2026-06,40,B06ZY2129H,MF-WPSG-EN2O,True,181-210,1,0.00
2026-06,41,B00GLZQR96,HL-H60V-NB97,True,181-210,2,0.01
2026-07,1,B08JHP4Q7Y,1068811462,True,331-365,2,0.14
2026-07,2,B0CGY48TGT,1068811429,True,211-240,2,0.02
2026-07,3,B000L422L0,1068811450,True,301-330,1,0.06
2026-07,4,B08JHP4Q7Y,1068811462,True,456+,2,0.70
2026-07,5,B00KTNU40E,1068811461,True,241-270,2,0.04
2026-07,6,B0CGY48TGT,1068811429,True,456+,1,0.35
2026-07,7,B01LDFGIT2,1058619763,False,211-240,2,0.08
2026-07,8,B0748VH8ZF,1039345443,True,271-300,2,0.14
2026-07,9,B0026FCARI,1036663472,True,181-210,1,0.01
2026-07,10,B07RQ33XDG,1032602113,True,301-330,1,0.08
2026-07,11,B01GU2V4HO,1070891218,True,181-210,1,0.01
2026-07,12,B0058SHNF4,1070891228,True,181-210,4,0.02
2026-07,13,B002I0K2YO,1070891201,False,181-210,2,0.01
2026-07,14,B00FNNQREC,1070891196,True,181-210,1,0.01
2026-07,15,B01M2DAESC,1070891190,True,181-210,1,0.01
2026-07,16,B08XY46X8V,1070891171,True,181-210,5,0.03
2026-07,17,B000QB059Y,1070891235,False,181-210,1,0.01
2026-07,18,B00ECL58XM,1070891226,True,181-210,1,0.01
2026-07,19,B01GU2V4II,1070891177,True,181-210,1,0.01
2026-07,20,B08F5VZ32L,1070891173,True,181-210,1,0.00
2026-07,21,B00CSLJ1L8,1070891246,True,181-210,3,0.01
2026-07,22,B0000C0YW2,1070891241,True,181-210,1,0.02
2026-07,23,B00242KD7W,1070891174,True,181-210,2,0.01
2026-07,24,B0D18WVLL1,1070891214,True,181-210,1,0.01
2026-07,25,B0030GBU2I,1070891232,True,181-210,5,0.03
2026-07,26,B072Q6X3WW,1070891221,True,181-210,1,0.01
2026-07,27,B003VJO0OY,1070891179,True,181-210,2,0.01
2026-07,28,B09NZBP951,1070891215,True,181-210,3,0.02
2026-07,29,B00BMRR666,1070891195,True,181-210,2,0.02
2026-07,30,B0BZS6N2GV,1070891212,True,181-210,1,0.01
2026-07,31,B002ARW2CA,1070891234,True,181-210,1,0.01
2026-07,32,B0155VB30Y,1070891187,True,181-210,1,0.00
2026-07,33,B000FII8KQ,1070625053,True,211-240,2,0.03
2026-07,34,B000930DQ4,1070625051,True,211-240,1,0.02
2026-07,35,B01GW8Y17G,1070625056,True,211-240,1,0.01
2026-07,36,B075QLXC7C,1070474316,True,241-270,1,0.02
2026-07,37,B01J4PHT3C,1070280032,True,271-300,1,0.07
2026-07,38,B0B57TXPTH,1070280031,True,181-210,1,0.01
2026-07,39,B01JYW2EXA,1070280051,True,271-300,1,0.06
2026-07,40,B0006ACWEQ,1070175672,False,271-300,3,0.18
2026-07,41,B098V87FNX,1069890483,True,181-210,2,0.02
2026-07,42,B0BRNY8987,1069288408,True,366-455,2,0.60
2026-07,43,B0BSJZQK5L,1069286287,True,331-365,1,0.07
2026-07,44,B07YZ4QVZY,1068949078,True,241-270,4,0.08
2026-07,45,B017W16ZNA,1068811468,True,181-210,4,0.02
2026-07,46,B000L422L0,1068811450,True,331-365,21,1.24
2026-07,47,B08JHP4Q7Y,1068811462,True,366-455,2,0.30
2026-07,48,B00KTNU40E,1068811461,True,271-300,1,0.06
2026-07,49,B0CGY48TGT,1068811429,True,181-210,1,0.01
2026-07,50,B07KN77NXY,1068329356,True,456+,12,4.20
2026-07,51,B00BSELY9I,1066662989,True,241-270,4,0.08
2026-07,52,B08GR4GNRK,1066662845,True,331-365,1,0.07
2026-07,53,B002BDTZU0,1066393116,False,456+,4,4.16
2026-07,54,B003VN0U1M,1064901508,False,456+,13,4.55
2026-07,55,B004Q2TORS,1063376137,False,456+,4,1.40
2026-07,56,B0BJ7S8NNN,1060807369,False,456+,2,0.70
2026-07,57,B0BJ7T3642,1060807372,False,456+,1,0.35
2026-07,58,B01LDFGIT2,1058619763,False,241-270,21,1.29
2026-07,59,B01N4N8NAL,1053747161,False,181-210,1,0.21
2026-07,60,B07DDD9CPN,1041418871,True,211-240,1,0.00
2026-07,61,B0748VH8ZF,1039345443,True,366-455,7,2.10
2026-07,62,B00XUZBCEK,1038681778,True,181-210,1,0.01
2026-07,63,B0026FCARI,1036663472,True,211-240,2,0.03
2026-07,64,B07RQ33XDG,1032602113,True,331-365,1,0.09
2026-07,65,B016KAKD7S,1030912249,False,241-270,10,3.92
2026-07,66,B006D3JT1E,1029788766,True,181-210,1,0.01
2026-07,67,B07Q219M5D,1029330262,True,181-210,1,0.00
2026-07,68,B00DHF39KS,RI-PBEM-71IY,True,181-210,1,0.01
2026-07,69,B00ECL590O,HM-A463-08AB,True,181-210,1,0.01
2026-07,70,B00KAEION6,7D-C9F6-D83B,True,181-210,1,0.00
2026-07,71,B00GLZQR96,HL-H60V-NB97,True,211-240,2,0.02
2026-08,1,B0CGY48TGT,1068811429,True,211-240,1,0.01
2026-08,2,B0B57TXPTH,1070280031,True,211-240,1,0.01
2026-08,3,B000L422L0,1068811450,True,331-365,1,0.06
2026-08,4,B08JHP4Q7Y,1068811462,True,366-455,4,0.90
2026-08,5,B00KTNU40E,1068811461,True,271-300,2,0.12
2026-08,6,B0CGY48TGT,1068811429,True,241-270,2,0.04
2026-08,7,B01LDFGIT2,1058619763,False,241-270,2,0.12
2026-08,8,B0026FCARI,1036663472,True,211-240,1,0.01
2026-08,9,B00ECL590O,HM-A463-08AB,True,211-240,1,0.01
2026-08,10,B003VJJRK6,1071047169,True,181-210,1,0.01
2026-08,11,B0CBCN5CRM,1071047173,True,181-210,1,0.01
2026-08,12,B09RSG6JBK,1071047172,True,181-210,1,0.01
2026-08,13,B0009350BC,1071047174,True,181-210,1,0.01
2026-08,14,B002I0IHIM,1071047148,True,181-210,1,0.01
2026-08,15,B001OC6D9U,1071047156,True,181-210,3,0.03
2026-08,16,B0BT49JLWM,1071047162,True,181-210,1,0.01
2026-08,17,B0012DS470,1071047150,False,181-210,1,0.01
2026-08,18,B08DSYRT33,1071047190,True,181-210,2,0.02
2026-08,19,B0050SYW1U,1071047181,True,181-210,1,0.01
2026-08,20,B002SRP9VI,1071047152,True,181-210,1,0.00
2026-08,21,B07NBDYK99,1071047161,True,181-210,2,0.01
2026-08,22,B07B9QZYMZ,1071047149,True,181-210,2,0.00
2026-08,23,B01GU2V4HO,1070891218,True,211-240,1,0.01
2026-08,24,B0058SHNF4,1070891228,True,211-240,4,0.04
2026-08,25,B002I0K2YO,1070891201,False,211-240,2,0.03
2026-08,26,B00FNNQREC,1070891196,True,211-240,1,0.01
2026-08,27,B01M2DAESC,1070891190,True,211-240,1,0.01
2026-08,28,B08XY46X8V,1070891171,True,211-240,5,0.05
2026-08,29,B00ECL58XM,1070891226,True,211-240,1,0.01
2026-08,30,B01GU2V4II,1070891177,True,211-240,1,0.01
2026-08,31,B08F5VZ32L,1070891173,True,211-240,1,0.01
2026-08,32,B00CSLJ1L8,1070891246,True,211-240,3,0.02
2026-08,33,B0000C0YW2,1070891241,True,211-240,1,0.04
2026-08,34,B00242KD7W,1070891174,True,211-240,2,0.02
2026-08,35,B0D18WVLL1,1070891214,True,211-240,1,0.01
2026-08,36,B072Q6X3WW,1070891221,True,211-240,1,0.01
2026-08,37,B003VJO0OY,1070891179,True,211-240,2,0.03
2026-08,38,B09NZBP951,1070891215,True,211-240,3,0.04
2026-08,39,B07L69TMY4,1070891219,True,181-210,3,0.02
2026-08,40,B00BMRR666,1070891195,True,211-240,2,0.03
2026-08,41,B0BZS6N2GV,1070891212,True,211-240,1,0.01
2026-08,42,B002ARW2CA,1070891234,True,211-240,1,0.01
2026-08,43,B0155VB30Y,1070891187,True,211-240,1,0.01
2026-08,44,B000FII8KQ,1070625053,True,241-270,1,0.02
2026-08,45,B000930DQ4,1070625051,True,241-270,1,0.03
2026-08,46,B01GW8Y17G,1070625056,True,241-270,1,0.02
2026-08,47,B075QLXC7C,1070474316,True,271-300,1,0.06
2026-08,48,B0B57TXPTH,1070280031,True,181-210,1,0.01
2026-08,49,B0B8JH4CTN,1070280053,True,181-210,1,0.00
2026-08,50,B01JYW2EXA,1070280051,True,301-330,1,0.06
2026-08,51,B098V87FNX,1069890483,True,211-240,2,0.03
2026-08,52,B0BRNY8987,1069288408,True,366-455,2,0.60
2026-08,53,B07YZ4QVZY,1068949078,True,271-300,1,0.07
2026-08,54,B08PCN2Y3G,1068866834,True,181-210,1,0.01
2026-08,55,B017W16ZNA,1068811468,True,211-240,4,0.03
2026-08,56,B000L422L0,1068811450,True,366-455,19,5.69
2026-08,57,B08JHP4Q7Y,1068811462,True,456+,2,0.70
2026-08,58,B00KTNU40E,1068811461,True,301-330,1,0.06
2026-08,59,B0CGY48TGT,1068811429,True,456+,1,0.35
2026-08,60,B07KN77NXY,1068329356,True,456+,11,3.85
2026-08,61,B00BSELY9I,1066662989,True,271-300,4,0.24
2026-08,62,B08GR4GNRK,1066662845,True,366-455,1,0.30
2026-08,63,B002BDTZU0,1066393116,False,456+,4,4.16
2026-08,64,B003VN0U1M,1064901508,False,456+,13,4.55
2026-08,65,B004Q2TORS,1063376137,False,456+,4,1.40
2026-08,66,B00503E9UO,1063376019,True,301-330,1,0.07
2026-08,67,B0BJ7S8NNN,1060807369,False,456+,2,0.70
2026-08,68,B0BJ7T3642,1060807372,False,456+,1,0.35
2026-08,69,B01LDFGIT2,1058619763,False,271-300,18,4.11
2026-08,70,B01N4N8NAL,1053747161,False,211-240,1,0.41
2026-08,71,B07MTZN8P3,1042884901,True,181-210,1,0.01
2026-08,72,B07DDD9CPN,1041418871,True,241-270,1,0.00
2026-08,73,B0748VH8ZF,1039345443,True,301-330,2,0.16
2026-08,74,B0026FCARI,1036663472,True,241-270,2,0.04
2026-08,75,B07RQ33XDG,1032602113,True,331-365,1,0.09
2026-08,76,B016KAKD7S,1030912249,False,271-300,10,14.24
2026-08,77,B07Q219M5D,1029330262,True,211-240,1,0.00
2026-08,78,B001CLG6RM,36-1RA6-VMJR,True,181-210,3,0.03
2026-08,79,B00ECL590O,HM-A463-08AB,True,181-210,1,0.00
2026-08,80,B00KAEION6,7D-C9F6-D83B,True,211-240,1,0.01
2026-08,81,B00GLZQR96,HL-H60V-NB97,True,241-270,2,0.02
