shipment_id,shipment_date,finalized_or_plan_created,first_charge_date,units,mbop_header_units,header_unit_difference,game_units,unmapped_units,quantity_source,game_weight_share,boxes,carrier_name,selected_quote,carrier,placement,combined,carrier_per_unit,placement_per_unit,combined_per_unit
FBA18Z5C3Y9H,,,2025-09-06,54,,,0,0,Amazon legacy shipment items,0E+3,,,,,11.52,,,0.2133333333333333333333333333,
FBA18ZSVSP3G,,,2025-09-26,24,,,0,0,Amazon legacy shipment items,0E+2,,,,,11.76,,,0.49,
FBA18ZT6M8QQ,,,2025-09-26,424,,,419,0,Amazon legacy shipment items,,,,,,67.90,,,0.1601415094339622641509433962,
FBA1917P95D6,,,2025-09-12,70,,,0,0,Amazon legacy shipment items,0E+2,,,,51.09,30.1,81.19,0.7298571428571428571428571429,0.43,1.159857142857142857142857143
FBA1917PD127,,,2025-09-12,10,,,0,0,Amazon legacy shipment items,0E+2,,,,8.23,12.06,20.29,0.823,1.206,2.029
FBA191XV4S35,,,2025-09-28,275,,,240,0,Amazon legacy shipment items,0.8056755089450956199876619371,,,,64.61,45.77,110.38,0.2349454545454545454545454545,0.1664363636363636363636363636,0.4013818181818181818181818182
FBA192XM3VMS,,,2025-10-27,229,,,220,0,Amazon legacy shipment items,0.8882311153208619464835425053,,,,31.72,36.86,68.58,0.1385152838427947598253275109,0.1609606986899563318777292576,0.2994759825327510917030567686
FBA1932C0WHF,,,2025-10-30,140,,,0,0,Amazon legacy shipment items,0E+3,,,,84.95,47.2,132.15,0.6067857142857142857142857143,0.3371428571428571428571428571,0.9439285714285714285714285714
FBA193S8T5SQ,,,2025-11-17,124,,,113,0,Amazon legacy shipment items,0.7945716709075487701441899915,,,,12.61,38.15,50.76,0.1016935483870967741935483871,0.3076612903225806451612903226,0.4093548387096774193548387097
FBA1954T2D8T,,,2025-12-21,48,,,0,0,Amazon legacy shipment items,0E+2,,,,56.86,24.22,81.08,1.184583333333333333333333333,0.5045833333333333333333333333,1.689166666666666666666666667
FBA195N7MQKC,,,2026-01-03,1,,,1,0,Amazon legacy shipment items,1,,,,4.68,3.12,7.80,4.68,3.12,7.80
FBA195N82J1M,,,2026-01-03,211,,,193,0,Amazon legacy shipment items,,,,,24.06,64.71,88.77,0.1140284360189573459715639810,0.3066824644549763033175355450,0.4207109004739336492890995261
FBA196VBNQDT,,2026-01-26 02:13:55+00,2026-01-27,160,160,0,153,0,stored Amazon box contents,0.9492707672796448953709575143,1,UPS,10.21,10.21,48.62,58.83,0.0638125,0.303875,0.3676875
FBA197KFC6S3,,2026-02-08 23:15:22+00,2026-02-10,113,113,0,107,0,stored Amazon box contents,0.9401017576318223866790009251,1,UPS,10.88,10.88,34.02,44.90,0.09628318584070796460176991150,0.3010619469026548672566371681,0.3973451327433628318584070796
FBA197SVNSVG,,2026-02-15 16:18:41+00,2026-02-16,59,59,0,0,0,stored Amazon box contents,0E+2,4,UPS,95.95,95.95,20.64,116.59,1.626271186440677966101694915,0.3498305084745762711864406780,1.976101694915254237288135593
FBA198NXJD7N,,2026-03-08 02:48:52+00,2026-03-09,244,244,0,220,0,stored Amazon box contents,0.8910628256808573394946416282,2,UPS,25.72,25.72,74.44,100.16,0.1054098360655737704918032787,0.3050819672131147540983606557,0.4104918032786885245901639344
FBA199D5JYNB,2026-03-24 18:46:30+00,2026-03-24 01:55:31+00,2026-03-25,177,177,0,172,0,stored Amazon box contents,0.8716971210726962008676219272,1,UPS,29.19,29.19,29.40,58.59,0.1649152542372881355932203390,0.1661016949152542372881355932,0.3310169491525423728813559322
FBA19B4P1VRJ,2026-04-07 19:29:54+00,2026-04-07 03:23:07+00,2026-04-08,197,197,0,185,0,stored Amazon box contents,0.8407522018567007855272554154,1,UPS,13.31,13.31,60.22,73.53,0.06756345177664974619289340102,0.3056852791878172588832487310,0.3732487309644670050761421320
FBA19BV189C6,2026-04-20 16:40:00+00,2026-04-19 21:56:07+00,2026-04-20,158,158,0,148,0,stored Amazon box contents,0.9245419479267116682738669238,1,UPS,11.19,11.19,50.54,61.73,0.07082278481012658227848101266,0.3198734177215189873417721519,0.3906962025316455696202531646
FBA19C4407V9,2026-04-24 16:40:06+00,2026-04-23 20:37:46+00,2026-04-24,77,77,0,0,0,stored Amazon box contents,0E+2,3,UPS,37.06,37.06,32.72,69.78,0.4812987012987012987012987013,0.4249350649350649350649350649,0.9062337662337662337662337662
FBA19F55XZJG,2026-05-28 20:19:03+00,2026-05-28 17:03:35+00,2026-05-29,86,86,0,0,0,Amazon legacy shipment items,0E+2,,UPS,,53.65,39.0,92.65,0.6238372093023255813953488372,0.4534883720930232558139534884,1.077325581395348837209302326
FBA19F8YW7CV,2026-06-01 20:54:46+00,2026-05-31 00:15:07+00,2026-06-01,281,277,4,259,0,Amazon legacy shipment items,0.8774790034582539346460582963,,UPS,,60.29,46.94,107.23,0.2145551601423487544483985765,0.1670462633451957295373665480,0.3816014234875444839857651246
FBA19H2820Z4,,2026-06-28 22:34:53.117+00,2026-06-29,142,138,4,135,0,Amazon legacy shipment items,0.8682899833978970669618151633,,,,13.53,43.98,57.51,0.09528169014084507042253521127,0.3097183098591549295774647887,0.405
FBA19JS2S8FS,,,2026-07-22,71,,,0,0,Amazon legacy shipment items,0E+2,,,,50.14,,,0.7061971830985915492957746479,,
FBA19KM982VB,,2026-08-01 22:08:08.185+00,2026-08-02,225,225,0,209,0,Amazon legacy shipment items,0.8641872127037191809444212286,,,,23.15,,,0.1028888888888888888888888889,,
FBA19LMC4ZJF,,2026-08-13 02:23:06.126+00,2026-08-14,140,141,-1,133,0,Amazon legacy shipment items,0.9428966949299186710503547327,,,,21.46,,,0.1532857142857142857142857143,,
